timestamp,equipment_id,temperature_celsius,vibration_hz,pressure_psi
2026-05-30 16:05:36,EXC-001,87.01,44.48,2826.07
2026-05-30 16:05:36,EXC-002,95.75,27.64,2986.42
2026-05-30 16:05:36,EXC-003,82.37,19.57,3060.31
2026-05-30 16:05:36,EXC-004,103.69,40.52,2658.6
2026-05-30 16:05:36,EXC-005,102.77,15.81,3033.6
2026-05-30 16:05:36,BLR-001,71.23,20.71,3198.79
2026-05-30 16:05:36,BLR-002,76.44,40.1,2556.45
2026-05-30 16:05:36,BLR-003,77.32,37.43,2896.74
2026-05-30 16:05:36,BLR-004,102.28,11.52,2645.38
2026-05-30 16:05:36,BLR-005,87.81,25.58,2895.75
2026-05-30 17:05:36,EXC-001,78.37,35.85,3092.56
2026-05-30 17:05:36,EXC-002,89.68,13.5,3120.14
2026-05-30 17:05:36,EXC-003,102.47,17.34,3156.17
2026-05-30 17:05:36,EXC-004,83.43,17.55,2607.62
2026-05-30 17:05:36,EXC-005,100.66,28.31,5000.07300525139
2026-05-30 17:05:36,BLR-001,91.46,38.55,3065.53
2026-05-30 17:05:36,BLR-002,89.68,30.35,3111.37
2026-05-30 17:05:36,BLR-003,72.66,13.59,2721.37
2026-05-30 17:05:36,BLR-004,98.59,20.47,2667.25
2026-05-30 17:05:36,BLR-005,77.09,10.1,2734.6
2026-05-30 18:05:36,EXC-001,87.92,19.66,2889.95
2026-05-30 18:05:36,EXC-002,80.22,29.51,3069.74
2026-05-30 18:05:36,EXC-003,86.64,17.3,2937.16
2026-05-30 18:05:36,EXC-004,87.08,25.52,3133.24
2026-05-30 18:05:36,EXC-005,,33.29,2912.24
2026-05-30 18:05:36,BLR-001,81.33,26.76,2947.48
2026-05-30 18:05:36,BLR-002,80.67,36.66,2926.41
2026-05-30 18:05:36,BLR-003,77.23,38.41,2830.89
2026-05-30 18:05:36,BLR-004,72.6,33.34,2574.71
2026-05-30 18:05:36,BLR-005,100.48,24.96,3005.44
2026-05-30 19:05:36,EXC-001,103.67,37.22,2777.23
2026-05-30 19:05:36,EXC-002,83.68,14.87,3132.45
2026-05-30 19:05:36,EXC-003,74.8,10.93,2705.46
2026-05-30 19:05:36,EXC-004,103.46,38.13,2827.6
2026-05-30 19:05:36,EXC-005,85.89,23.54,2702.75
2026-05-30 19:05:36,BLR-001,84.81,28.19,2618.02
2026-05-30 19:05:36,BLR-002,90.13,41.09,2983.88
2026-05-30 19:05:36,BLR-003,102.75,12.74,2856.05
2026-05-30 19:05:36,BLR-004,79.14,20.67,2766.73
2026-05-30 19:05:36,BLR-005,103.68,18.74,2951.53
2026-05-30 20:05:36,EXC-001,84.7,43.67,2699.11
2026-05-30 20:05:36,EXC-002,97.98,15.68,2592.26
2026-05-30 20:05:36,EXC-003,76.17,25.08,2877.54
2026-05-30 20:05:36,EXC-004,,21.92,2749.39
2026-05-30 20:05:36,EXC-005,89.32,43.5,3078.59
2026-05-30 20:05:36,BLR-001,72.98,43.68,2547.64
2026-05-30 20:05:36,BLR-002,,33.42,2785.63
2026-05-30 20:05:36,BLR-003,86.47,23.67,2811.52
2026-05-30 20:05:36,BLR-004,100.78,23.77,3168.06
2026-05-30 20:05:36,BLR-005,83.47,38.82,2877.15
2026-05-30 21:05:36,EXC-001,85.76,20.97,3161.52
2026-05-30 21:05:36,EXC-002,71.86,32.81,2912.5
2026-05-30 21:05:36,EXC-003,,32.64,2755.97
2026-05-30 21:05:36,EXC-004,,34.8,2694.3
2026-05-30 21:05:36,EXC-005,72.77,41.61,3122.06
2026-05-30 21:05:36,BLR-001,94.23,40.88,2808.27
2026-05-30 21:05:36,BLR-002,74.87,28.5,2862.53
2026-05-30 21:05:36,BLR-003,,23.34,3183.13
2026-05-30 21:05:36,BLR-004,78.52,35.49,2998.67
2026-05-30 21:05:36,BLR-005,82.9,20.83,3012.38
2026-05-30 22:05:36,EXC-001,103.45,41.74,2669.63
2026-05-30 22:05:36,EXC-002,97.69,12.05,2872.15
2026-05-30 22:05:36,EXC-003,102.75,16.72,2540.94
2026-05-30 22:05:36,EXC-004,76.36,11.42,2745.68
2026-05-30 22:05:36,EXC-005,96.07,34.89,3176.06
2026-05-30 22:05:36,BLR-001,,30.78,3078.14
2026-05-30 22:05:36,BLR-002,91.46,42.64,2857.1
2026-05-30 22:05:36,BLR-003,96.96,41.58,2832.32
2026-05-30 22:05:36,BLR-004,90.05,23.02,3073.82
2026-05-30 22:05:36,BLR-005,80.51,34.08,2993.03
2026-05-30 23:05:36,EXC-001,83.33,13.67,3138.19
2026-05-30 23:05:36,EXC-002,88.77,17.16,3095.49
2026-05-30 23:05:36,EXC-003,98.56,38.57,3183.6
2026-05-30 23:05:36,EXC-004,81.3,20.56,3042.34
2026-05-30 23:05:36,EXC-005,95.74,25.99,2806.96
2026-05-30 23:05:36,BLR-001,102.04,16.16,3162.17
2026-05-30 23:05:36,BLR-002,102.07,34.85,2655.95
2026-05-30 23:05:36,BLR-003,86.2,30.74,3149.87
2026-05-30 23:05:36,BLR-004,102.4,16.31,3081.99
2026-05-30 23:05:36,BLR-005,91.69,18.24,2565.1
2026-05-31 00:05:36,EXC-001,81.07,14.99,2577.38
2026-05-31 00:05:36,EXC-002,76.59,23.31,3069.3
2026-05-31 00:05:36,EXC-003,89.47,42.76,2602.15
2026-05-31 00:05:36,EXC-004,94.41,19.27,2957.52
2026-05-31 00:05:36,EXC-005,81.85,22.1,3015.79
2026-05-31 00:05:36,BLR-001,82.85,21.91,2700.02
2026-05-31 00:05:36,BLR-002,104.11,44.91,3101.95
2026-05-31 00:05:36,BLR-003,101.7,21.71,2842.02
2026-05-31 00:05:36,BLR-004,74.05,19.45,3108.89
2026-05-31 00:05:36,BLR-005,,11.07,3106.53
2026-05-31 01:05:36,EXC-001,92.95,32.02,2563.09
2026-05-31 01:05:36,EXC-002,95.21,19.27,2630.27
2026-05-31 01:05:36,EXC-003,,11.05,2609.6
2026-05-31 01:05:36,EXC-004,70.31,14.04,2671.73
2026-05-31 01:05:36,EXC-005,97.92,30.23,2759.48
2026-05-31 01:05:36,BLR-001,84.18,35.7,2623.72
2026-05-31 01:05:36,BLR-002,73.99,10.82,2798.02
2026-05-31 01:05:36,BLR-003,92.29,16.22,2875.06
2026-05-31 01:05:36,BLR-004,73.72,20.28,2838.67
2026-05-31 01:05:36,BLR-005,83.9,17.93,2548.03
2026-05-31 02:05:36,EXC-001,74.97,39.04,2786.43
2026-05-31 02:05:36,EXC-002,73.98,31.9,2650.21
2026-05-31 02:05:36,EXC-003,90.98,29.12,2652.63
2026-05-31 02:05:36,EXC-004,90.03,11.11,2648.44
2026-05-31 02:05:36,EXC-005,75.48,37.81,3128.74
2026-05-31 02:05:36,BLR-001,76.94,13.36,2592.94
2026-05-31 02:05:36,BLR-002,101.05,39.82,2559.43
2026-05-31 02:05:36,BLR-003,72.73,28.74,3115.99
2026-05-31 02:05:36,BLR-004,92.31,30.28,2815.72
2026-05-31 02:05:36,BLR-005,100.53,29.18,3010.77
2026-05-31 03:05:36,EXC-001,79.72,34.18,2943.55
2026-05-31 03:05:36,EXC-002,80.74,20.76,2707.04
2026-05-31 03:05:36,EXC-003,,39.57,2770.67
2026-05-31 03:05:36,EXC-004,90.56,26.96,3113.72
2026-05-31 03:05:36,EXC-005,76.09,12.05,3043.12
2026-05-31 03:05:36,BLR-001,91.43,12.96,2950.33
2026-05-31 03:05:36,BLR-002,77.14,37.75,2520.62
2026-05-31 03:05:36,BLR-003,77.42,11.63,2846.75
2026-05-31 03:05:36,BLR-004,79.91,13.95,3187.64
2026-05-31 03:05:36,BLR-005,,15.47,2545.11
2026-05-31 04:05:36,EXC-001,97.51,42.83,2902.98
2026-05-31 04:05:36,EXC-002,84.76,26.18,3069.02
2026-05-31 04:05:36,EXC-003,,43.75,2608.96
2026-05-31 04:05:36,EXC-004,101.24,44.54,2575.76
2026-05-31 04:05:36,EXC-005,71.57,21.24,3045.26
2026-05-31 04:05:36,BLR-001,97.76,30.18,2653.3
2026-05-31 04:05:36,BLR-002,85.73,12.97,2820.11
2026-05-31 04:05:36,BLR-003,102.31,36.09,2751.88
2026-05-31 04:05:36,BLR-004,102.77,11.29,2544.2
2026-05-31 04:05:36,BLR-005,79.47,35.62,2872.5
2026-05-31 05:05:36,EXC-001,82.24,44.79,2608.57
2026-05-31 05:05:36,EXC-002,101.14,28.45,2576.39
2026-05-31 05:05:36,EXC-003,78.57,25.77,2590.67
2026-05-31 05:05:36,EXC-004,75.39,32.58,2943.77
2026-05-31 05:05:36,EXC-005,83.03,10.43,2776.17
2026-05-31 05:05:36,BLR-001,71.86,42.23,2786.5
2026-05-31 05:05:36,BLR-002,76.61,25.5,2775.42
2026-05-31 05:05:36,BLR-003,72.77,27.46,2565.43
2026-05-31 05:05:36,BLR-004,92.81,31.1,2686.94
2026-05-31 05:05:36,BLR-005,98.12,25.03,2657.52
2026-05-31 06:05:36,EXC-001,78.9,37.03,3081.05
2026-05-31 06:05:36,EXC-002,94.94,21.2,3020.77
2026-05-31 06:05:36,EXC-003,94.28,30.43,2848.04
2026-05-31 06:05:36,EXC-004,70.45,14.21,2504.24
2026-05-31 06:05:36,EXC-005,100.21,40.34,2540.05
2026-05-31 06:05:36,BLR-001,99.4,31.57,3016.41
2026-05-31 06:05:36,BLR-002,77.39,44.58,2738.74
2026-05-31 06:05:36,BLR-003,83.95,13.6,2639.59
2026-05-31 06:05:36,BLR-004,70.79,25.45,2670.93
2026-05-31 06:05:36,BLR-005,86.73,22.76,3007.21
2026-05-31 07:05:36,EXC-001,89.25,18.4,3115.33
2026-05-31 07:05:36,EXC-002,72.82,39.42,3090.29
2026-05-31 07:05:36,EXC-003,98.68,18.62,3044.69
2026-05-31 07:05:36,EXC-004,76.49,30.29,3050.36
2026-05-31 07:05:36,EXC-005,88.24,39.85,2639.6
2026-05-31 07:05:36,BLR-001,73.86,13.53,2835.81
2026-05-31 07:05:36,BLR-002,88.91,11.61,3096.23
2026-05-31 07:05:36,BLR-003,104.15,12.78,3085.66
2026-05-31 07:05:36,BLR-004,102.53,31.51,2613.84
2026-05-31 07:05:36,BLR-005,73.88,39.21,3015.76
2026-05-31 08:05:36,EXC-001,,12.22,2620.79
2026-05-31 08:05:36,EXC-002,82.98,30.17,2678.17
2026-05-31 08:05:36,EXC-003,98.91,15.29,2710.97
2026-05-31 08:05:36,EXC-004,103.69,28.66,2839.63
2026-05-31 08:05:36,EXC-005,71.29,42.81,2930.1
2026-05-31 08:05:36,BLR-001,,16.58,2565.33
2026-05-31 08:05:36,BLR-002,100.82,29.35,2908.15
2026-05-31 08:05:36,BLR-003,75.59,26.38,2605.72
2026-05-31 08:05:36,BLR-004,97.78,34.03,2954.11
2026-05-31 08:05:36,BLR-005,90.64,42.34,3085.62
2026-05-31 09:05:36,EXC-001,98.4,34.47,3171.97
2026-05-31 09:05:36,EXC-002,96.04,26.95,4662.73836800402
2026-05-31 09:05:36,EXC-003,80.69,43.45,2588.19
2026-05-31 09:05:36,EXC-004,100.61,44.83,2546.5
2026-05-31 09:05:36,EXC-005,85.18,27.98,3103.66
2026-05-31 09:05:36,BLR-001,97.59,38.5,2830.17
2026-05-31 09:05:36,BLR-002,91.71,41.53,2882.5
2026-05-31 09:05:36,BLR-003,101.47,41.09,2688.2
2026-05-31 09:05:36,BLR-004,73.67,24.96,2694.93
2026-05-31 09:05:36,BLR-005,71.69,17.37,3165.16
2026-05-31 10:05:36,EXC-001,87.11,33.88,3042.13
2026-05-31 10:05:36,EXC-002,76.6,32.46,3066.64
2026-05-31 10:05:36,EXC-003,104.81,21.64,2656.51
2026-05-31 10:05:36,EXC-004,89.8,16.74,2721.6
2026-05-31 10:05:36,EXC-005,103.63,34.19,2989.11
2026-05-31 10:05:36,BLR-001,76.57,10.71,2881.57
2026-05-31 10:05:36,BLR-002,88.76,32.21,2900.87
2026-05-31 10:05:36,BLR-003,74.16,20.02,3137.97
2026-05-31 10:05:36,BLR-004,98.61,42.2,2753.89
2026-05-31 10:05:36,BLR-005,91.34,32.51,2605.13
2026-05-31 11:05:36,EXC-001,77.38,31.23,2874.29
2026-05-31 11:05:36,EXC-002,98.78,32.81,2874.42
2026-05-31 11:05:36,EXC-003,78.87,24.21,4520.311428819286
2026-05-31 11:05:36,EXC-004,98.69,18.36,2726.75
2026-05-31 11:05:36,EXC-005,,37.69,3150.05
2026-05-31 11:05:36,BLR-001,96.9,43.77,2542.14
2026-05-31 11:05:36,BLR-002,75.73,40.39,2726.35
2026-05-31 11:05:36,BLR-003,104.71,22.43,2684.21
2026-05-31 11:05:36,BLR-004,79.44,39.44,2983.77
2026-05-31 11:05:36,BLR-005,79.3,26.43,2684.06
2026-05-31 12:05:36,EXC-001,94.33,11.96,2915.43
2026-05-31 12:05:36,EXC-002,95.77,21.74,2874.08
2026-05-31 12:05:36,EXC-003,87.11,28.75,2727.23
2026-05-31 12:05:36,EXC-004,70.67,33.17,2768.11
2026-05-31 12:05:36,EXC-005,,41.97,3183.35
2026-05-31 12:05:36,BLR-001,,32.8,2633.08
2026-05-31 12:05:36,BLR-002,85.74,34.85,2863.58
2026-05-31 12:05:36,BLR-003,90.95,18.02,3069.98
2026-05-31 12:05:36,BLR-004,73.73,36.58,2878.02
2026-05-31 12:05:36,BLR-005,90.3,40.81,3100.02
2026-05-31 13:05:36,EXC-001,100.1,18.82,2545.38
2026-05-31 13:05:36,EXC-002,96.99,14.15,2856.61
2026-05-31 13:05:36,EXC-003,74.06,43.97,3047.5
2026-05-31 13:05:36,EXC-004,84.27,14.3,2993.82
2026-05-31 13:05:36,EXC-005,80.84,36.31,2776.71
2026-05-31 13:05:36,BLR-001,86.63,38.19,3043.49
2026-05-31 13:05:36,BLR-002,75.42,20.56,2850.48
2026-05-31 13:05:36,BLR-003,84.94,32.39,2964.11
2026-05-31 13:05:36,BLR-004,76.46,34.74,2502.57
2026-05-31 13:05:36,BLR-005,85.68,40.12,2872.67
2026-05-31 14:05:36,EXC-001,95.2,37.0,2805.24
2026-05-31 14:05:36,EXC-002,100.0,37.0,2808.51
2026-05-31 14:05:36,EXC-003,104.95,14.39,2504.14
2026-05-31 14:05:36,EXC-004,75.78,35.1,2937.0
2026-05-31 14:05:36,EXC-005,94.15,11.83,2740.43
2026-05-31 14:05:36,BLR-001,90.91,12.59,2583.35
2026-05-31 14:05:36,BLR-002,79.82,31.6,2960.72
2026-05-31 14:05:36,BLR-003,89.48,39.6,2670.55
2026-05-31 14:05:36,BLR-004,,32.26,2590.33
2026-05-31 14:05:36,BLR-005,79.46,33.92,4803.820933140496
2026-05-31 15:05:36,EXC-001,98.89,40.78,3089.13
2026-05-31 15:05:36,EXC-002,81.38,27.42,2802.49
2026-05-31 15:05:36,EXC-003,91.91,32.19,2566.73
2026-05-31 15:05:36,EXC-004,80.86,24.74,2944.22
2026-05-31 15:05:36,EXC-005,100.02,20.51,2677.87
2026-05-31 15:05:36,BLR-001,84.68,33.07,2964.86
2026-05-31 15:05:36,BLR-002,94.43,27.23,2750.76
2026-05-31 15:05:36,BLR-003,79.11,39.63,2711.03
2026-05-31 15:05:36,BLR-004,74.77,39.32,3120.66
2026-05-31 15:05:36,BLR-005,71.98,36.6,3137.21
2026-05-31 16:05:36,EXC-001,78.27,34.81,2952.86
2026-05-31 16:05:36,EXC-002,75.41,43.44,2543.6
2026-05-31 16:05:36,EXC-003,77.42,10.47,2727.74
2026-05-31 16:05:36,EXC-004,85.07,44.54,2766.54
2026-05-31 16:05:36,EXC-005,98.0,40.48,4897.318504318251
2026-05-31 16:05:36,BLR-001,98.71,37.73,2673.16
2026-05-31 16:05:36,BLR-002,104.44,39.98,2555.61
2026-05-31 16:05:36,BLR-003,83.99,22.15,2785.09
2026-05-31 16:05:36,BLR-004,72.24,39.72,2743.07
2026-05-31 16:05:36,BLR-005,96.32,19.1,3003.37
2026-05-31 17:05:36,EXC-001,74.5,25.62,2865.47
2026-05-31 17:05:36,EXC-002,84.35,34.84,2952.23
2026-05-31 17:05:36,EXC-003,90.29,36.94,2794.12
2026-05-31 17:05:36,EXC-004,,35.41,2513.78
2026-05-31 17:05:36,EXC-005,95.19,41.15,2617.31
2026-05-31 17:05:36,BLR-001,101.64,31.65,2741.72
2026-05-31 17:05:36,BLR-002,80.28,20.06,2767.92
2026-05-31 17:05:36,BLR-003,102.41,14.98,2788.58
2026-05-31 17:05:36,BLR-004,79.31,22.22,3195.11
2026-05-31 17:05:36,BLR-005,93.29,34.36,2682.42
2026-05-31 18:05:36,EXC-001,95.69,19.83,3188.41
2026-05-31 18:05:36,EXC-002,,40.4,2830.63
2026-05-31 18:05:36,EXC-003,99.69,35.97,3019.99
2026-05-31 18:05:36,EXC-004,71.42,31.58,2796.58
2026-05-31 18:05:36,EXC-005,79.34,30.36,2642.35
2026-05-31 18:05:36,BLR-001,97.16,38.75,4607.366096106996
2026-05-31 18:05:36,BLR-002,74.55,21.64,2905.15
2026-05-31 18:05:36,BLR-003,71.87,13.4,3111.36
2026-05-31 18:05:36,BLR-004,90.34,26.46,2991.09
2026-05-31 18:05:36,BLR-005,95.28,38.68,3175.43
2026-05-31 19:05:36,EXC-001,97.14,22.86,2702.7
2026-05-31 19:05:36,EXC-002,70.89,31.86,3076.93
2026-05-31 19:05:36,EXC-003,,27.69,2636.0
2026-05-31 19:05:36,EXC-004,98.57,35.9,2965.83
2026-05-31 19:05:36,EXC-005,86.08,42.33,3048.65
2026-05-31 19:05:36,BLR-001,97.06,26.35,2827.25
2026-05-31 19:05:36,BLR-002,77.69,33.36,3060.43
2026-05-31 19:05:36,BLR-003,78.71,40.56,2549.7
2026-05-31 19:05:36,BLR-004,76.59,39.05,3022.03
2026-05-31 19:05:36,BLR-005,102.61,41.04,2606.32
2026-05-31 20:05:36,EXC-001,87.95,28.29,3191.24
2026-05-31 20:05:36,EXC-002,97.62,42.8,3157.92
2026-05-31 20:05:36,EXC-003,84.79,15.22,2904.92
2026-05-31 20:05:36,EXC-004,82.34,20.05,2697.42
2026-05-31 20:05:36,EXC-005,86.24,13.85,2853.8
2026-05-31 20:05:36,BLR-001,81.14,29.71,3197.8
2026-05-31 20:05:36,BLR-002,99.15,20.41,2922.84
2026-05-31 20:05:36,BLR-003,100.14,34.52,2966.3
2026-05-31 20:05:36,BLR-004,97.73,39.09,2683.75
2026-05-31 20:05:36,BLR-005,104.79,14.36,2846.87
2026-05-31 21:05:36,EXC-001,84.89,42.81,3032.71
2026-05-31 21:05:36,EXC-002,78.71,16.73,2783.08
2026-05-31 21:05:36,EXC-003,83.74,28.03,2724.03
2026-05-31 21:05:36,EXC-004,71.42,41.96,2997.06
2026-05-31 21:05:36,EXC-005,87.95,20.82,2993.72
2026-05-31 21:05:36,BLR-001,89.36,27.11,3093.37
2026-05-31 21:05:36,BLR-002,89.14,37.15,3040.15
2026-05-31 21:05:36,BLR-003,89.1,26.74,2952.76
2026-05-31 21:05:36,BLR-004,76.58,14.65,3190.31
2026-05-31 21:05:36,BLR-005,95.79,42.26,2807.33
2026-05-31 22:05:36,EXC-001,88.47,39.1,2896.49
2026-05-31 22:05:36,EXC-002,103.03,15.51,2843.81
2026-05-31 22:05:36,EXC-003,98.44,12.76,2871.66
2026-05-31 22:05:36,EXC-004,92.89,18.47,2876.47
2026-05-31 22:05:36,EXC-005,102.35,42.35,2501.09
2026-05-31 22:05:36,BLR-001,91.14,16.95,2624.74
2026-05-31 22:05:36,BLR-002,92.76,24.81,2530.3
2026-05-31 22:05:36,BLR-003,103.92,11.1,2665.22
2026-05-31 22:05:36,BLR-004,71.38,40.22,3140.16
2026-05-31 22:05:36,BLR-005,96.49,10.99,2886.22
2026-05-31 23:05:36,EXC-001,99.99,27.03,3190.17
2026-05-31 23:05:36,EXC-002,101.29,25.88,2811.99
2026-05-31 23:05:36,EXC-003,83.0,33.24,2728.6
2026-05-31 23:05:36,EXC-004,89.13,41.06,2966.67
2026-05-31 23:05:36,EXC-005,95.88,32.53,2794.9
2026-05-31 23:05:36,BLR-001,70.69,37.48,2520.41
2026-05-31 23:05:36,BLR-002,103.12,31.64,3187.74
2026-05-31 23:05:36,BLR-003,96.67,23.43,2591.45
2026-05-31 23:05:36,BLR-004,92.81,38.17,2880.06
2026-05-31 23:05:36,BLR-005,102.93,36.04,2525.35
2026-06-01 00:05:36,EXC-001,76.9,25.06,2713.53
2026-06-01 00:05:36,EXC-002,103.06,15.0,2956.63
2026-06-01 00:05:36,EXC-003,95.67,12.91,2855.45
2026-06-01 00:05:36,EXC-004,91.55,18.99,2738.33
2026-06-01 00:05:36,EXC-005,88.29,28.13,2651.73
2026-06-01 00:05:36,BLR-001,78.21,17.95,2721.06
2026-06-01 00:05:36,BLR-002,74.44,18.74,2777.42
2026-06-01 00:05:36,BLR-003,78.69,29.98,2740.07
2026-06-01 00:05:36,BLR-004,87.63,13.55,3058.77
2026-06-01 00:05:36,BLR-005,87.19,37.41,2726.56
2026-06-01 01:05:36,EXC-001,85.32,43.31,2757.96
2026-06-01 01:05:36,EXC-002,89.05,11.85,3168.85
2026-06-01 01:05:36,EXC-003,94.9,30.36,2685.72
2026-06-01 01:05:36,EXC-004,75.06,38.82,2574.72
2026-06-01 01:05:36,EXC-005,95.29,29.17,3148.13
2026-06-01 01:05:36,BLR-001,90.06,11.34,2542.19
2026-06-01 01:05:36,BLR-002,90.85,33.1,2948.89
2026-06-01 01:05:36,BLR-003,103.21,36.78,2824.22
2026-06-01 01:05:36,BLR-004,76.92,16.38,2541.13
2026-06-01 01:05:36,BLR-005,98.78,13.88,2811.03
2026-06-01 02:05:36,EXC-001,80.64,44.15,2546.95
2026-06-01 02:05:36,EXC-002,80.49,37.35,2853.63
2026-06-01 02:05:36,EXC-003,78.31,18.33,2590.64
2026-06-01 02:05:36,EXC-004,83.17,14.08,2607.46
2026-06-01 02:05:36,EXC-005,96.56,33.26,2962.16
2026-06-01 02:05:36,BLR-001,98.91,28.71,2531.28
2026-06-01 02:05:36,BLR-002,73.58,39.49,2542.82
2026-06-01 02:05:36,BLR-003,70.3,27.13,2931.66
2026-06-01 02:05:36,BLR-004,97.42,38.63,3189.36
2026-06-01 02:05:36,BLR-005,78.23,17.39,2563.93
2026-06-01 03:05:36,EXC-001,83.91,33.55,2719.71
2026-06-01 03:05:36,EXC-002,74.82,29.36,2502.27
2026-06-01 03:05:36,EXC-003,90.78,27.11,2810.53
2026-06-01 03:05:36,EXC-004,99.77,36.31,2980.65
2026-06-01 03:05:36,EXC-005,102.93,20.56,4144.568948708387
2026-06-01 03:05:36,BLR-001,79.74,20.22,2626.18
2026-06-01 03:05:36,BLR-002,74.26,20.18,3170.41
2026-06-01 03:05:36,BLR-003,72.92,41.37,3125.68
2026-06-01 03:05:36,BLR-004,88.65,15.13,2947.62
2026-06-01 03:05:36,BLR-005,99.65,44.67,2640.14
2026-06-01 04:05:36,EXC-001,104.69,24.93,2928.38
2026-06-01 04:05:36,EXC-002,98.01,16.84,2833.53
2026-06-01 04:05:36,EXC-003,88.9,43.25,2954.16
2026-06-01 04:05:36,EXC-004,93.15,22.55,2886.89
2026-06-01 04:05:36,EXC-005,85.64,14.75,2557.76
2026-06-01 04:05:36,BLR-001,,30.39,2581.06
2026-06-01 04:05:36,BLR-002,104.57,34.21,2960.49
2026-06-01 04:05:36,BLR-003,102.84,22.38,3094.5
2026-06-01 04:05:36,BLR-004,95.57,12.65,2857.33
2026-06-01 04:05:36,BLR-005,90.65,35.9,2921.45
2026-06-01 05:05:36,EXC-001,70.22,41.33,2609.27
2026-06-01 05:05:36,EXC-002,101.0,36.99,2526.96
2026-06-01 05:05:36,EXC-003,79.05,29.81,3088.77
2026-06-01 05:05:36,EXC-004,87.94,17.77,2720.97
2026-06-01 05:05:36,EXC-005,70.44,17.86,2813.41
2026-06-01 05:05:36,BLR-001,,15.46,2581.1
2026-06-01 05:05:36,BLR-002,77.23,23.04,2688.27
2026-06-01 05:05:36,BLR-003,76.58,29.48,3020.62
2026-06-01 05:05:36,BLR-004,80.02,21.72,2730.97
2026-06-01 05:05:36,BLR-005,100.24,42.53,2758.05
2026-06-01 06:05:36,EXC-001,81.6,33.6,2552.58
2026-06-01 06:05:36,EXC-002,82.57,26.73,2814.05
2026-06-01 06:05:36,EXC-003,102.62,12.55,2535.26
2026-06-01 06:05:36,EXC-004,81.51,17.06,3136.41
2026-06-01 06:05:36,EXC-005,92.28,21.05,2894.39
2026-06-01 06:05:36,BLR-001,91.71,20.06,2623.4
2026-06-01 06:05:36,BLR-002,95.39,41.54,2597.47
2026-06-01 06:05:36,BLR-003,79.69,36.71,2600.76
2026-06-01 06:05:36,BLR-004,78.91,43.76,2512.47
2026-06-01 06:05:36,BLR-005,100.61,17.49,2759.12
2026-06-01 07:05:36,EXC-001,75.84,28.02,3131.82
2026-06-01 07:05:36,EXC-002,81.29,36.52,2677.58
2026-06-01 07:05:36,EXC-003,103.53,18.92,3060.36
2026-06-01 07:05:36,EXC-004,75.69,32.66,2552.72
2026-06-01 07:05:36,EXC-005,81.52,44.94,3156.43
2026-06-01 07:05:36,BLR-001,82.69,19.38,2974.57
2026-06-01 07:05:36,BLR-002,101.58,33.13,3140.89
2026-06-01 07:05:36,BLR-003,93.45,34.97,3106.44
2026-06-01 07:05:36,BLR-004,,27.27,2526.54
2026-06-01 07:05:36,BLR-005,98.86,27.83,3009.23
2026-06-01 08:05:36,EXC-001,87.67,11.17,3066.44
2026-06-01 08:05:36,EXC-002,,35.92,2931.26
2026-06-01 08:05:36,EXC-003,77.25,16.81,2606.16
2026-06-01 08:05:36,EXC-004,92.59,42.9,2919.17
2026-06-01 08:05:36,EXC-005,76.59,41.01,2615.3
2026-06-01 08:05:36,BLR-001,102.69,43.71,3050.44
2026-06-01 08:05:36,BLR-002,101.62,31.25,2504.95
2026-06-01 08:05:36,BLR-003,74.06,35.02,2548.94
2026-06-01 08:05:36,BLR-004,84.33,26.31,2714.67
2026-06-01 08:05:36,BLR-005,98.23,27.07,3187.61
2026-06-01 09:05:36,EXC-001,75.85,11.24,3173.07
2026-06-01 09:05:36,EXC-002,102.44,34.14,2917.59
2026-06-01 09:05:36,EXC-003,72.35,36.36,2609.48
2026-06-01 09:05:36,EXC-004,80.56,19.53,3112.55
2026-06-01 09:05:36,EXC-005,88.45,29.57,2999.33
2026-06-01 09:05:36,BLR-001,97.38,23.81,2699.54
2026-06-01 09:05:36,BLR-002,71.04,10.8,2533.01
2026-06-01 09:05:36,BLR-003,93.14,29.04,2803.96
2026-06-01 09:05:36,BLR-004,94.38,34.45,2964.32
2026-06-01 09:05:36,BLR-005,80.85,39.24,3034.28
2026-06-01 10:05:36,EXC-001,72.7,24.43,3058.42
2026-06-01 10:05:36,EXC-002,102.91,23.3,2515.76
2026-06-01 10:05:36,EXC-003,100.59,38.75,2711.97
2026-06-01 10:05:36,EXC-004,91.4,28.04,2693.59
2026-06-01 10:05:36,EXC-005,101.78,17.93,2633.93
2026-06-01 10:05:36,BLR-001,97.82,30.0,2655.42
2026-06-01 10:05:36,BLR-002,74.35,14.15,2536.35
2026-06-01 10:05:36,BLR-003,93.67,15.62,2937.84
2026-06-01 10:05:36,BLR-004,101.39,42.41,2526.05
2026-06-01 10:05:36,BLR-005,83.77,27.65,3163.27
2026-06-01 11:05:36,EXC-001,70.62,29.79,2872.29
2026-06-01 11:05:36,EXC-002,103.44,17.89,2755.92
2026-06-01 11:05:36,EXC-003,70.89,36.18,2691.57
2026-06-01 11:05:36,EXC-004,101.97,11.43,2618.58
2026-06-01 11:05:36,EXC-005,98.67,18.92,2552.52
2026-06-01 11:05:36,BLR-001,90.58,31.18,2797.39
2026-06-01 11:05:36,BLR-002,86.49,31.43,2928.33
2026-06-01 11:05:36,BLR-003,70.83,12.05,2789.98
2026-06-01 11:05:36,BLR-004,,33.56,2879.81
2026-06-01 11:05:36,BLR-005,90.81,27.79,2875.55
2026-06-01 12:05:36,EXC-001,72.85,28.42,2886.45
2026-06-01 12:05:36,EXC-002,83.69,22.15,2878.34
2026-06-01 12:05:36,EXC-003,93.99,23.22,2752.23
2026-06-01 12:05:36,EXC-004,72.57,10.96,3173.95
2026-06-01 12:05:36,EXC-005,75.36,23.93,2857.88
2026-06-01 12:05:36,BLR-001,,41.9,2632.02
2026-06-01 12:05:36,BLR-002,85.47,10.91,3027.22
2026-06-01 12:05:36,BLR-003,100.15,39.34,3072.57
2026-06-01 12:05:36,BLR-004,79.06,44.07,2629.64
2026-06-01 12:05:36,BLR-005,104.59,29.82,3073.6
2026-06-01 13:05:36,EXC-001,70.51,34.25,3090.51
2026-06-01 13:05:36,EXC-002,91.5,26.98,2531.6
2026-06-01 13:05:36,EXC-003,76.88,13.23,2758.72
2026-06-01 13:05:36,EXC-004,74.53,13.67,3108.21
2026-06-01 13:05:36,EXC-005,84.18,16.49,3067.11
2026-06-01 13:05:36,BLR-001,97.6,37.36,2598.3
2026-06-01 13:05:36,BLR-002,85.11,40.1,3115.27
2026-06-01 13:05:36,BLR-003,90.94,43.61,2960.25
2026-06-01 13:05:36,BLR-004,72.0,18.73,2616.8
2026-06-01 13:05:36,BLR-005,80.74,13.89,3136.52
2026-06-01 14:05:36,EXC-001,81.75,15.7,2871.94
2026-06-01 14:05:36,EXC-002,95.14,32.41,2532.32
2026-06-01 14:05:36,EXC-003,94.79,44.28,2554.88
2026-06-01 14:05:36,EXC-004,98.21,43.67,2611.88
2026-06-01 14:05:36,EXC-005,71.12,33.55,2771.87
2026-06-01 14:05:36,BLR-001,100.13,14.6,3117.78
2026-06-01 14:05:36,BLR-002,70.07,28.13,2656.89
2026-06-01 14:05:36,BLR-003,70.52,36.0,2622.72
2026-06-01 14:05:36,BLR-004,75.74,25.97,3159.99
2026-06-01 14:05:36,BLR-005,95.28,27.39,2519.77
2026-06-01 15:05:36,EXC-001,80.93,15.59,3078.69
2026-06-01 15:05:36,EXC-002,104.26,36.26,3141.56
2026-06-01 15:05:36,EXC-003,93.52,20.04,2705.22
2026-06-01 15:05:36,EXC-004,85.92,17.76,2622.2
2026-06-01 15:05:36,EXC-005,99.27,41.46,3140.4
2026-06-01 15:05:36,BLR-001,82.77,37.29,2618.37
2026-06-01 15:05:36,BLR-002,81.52,26.07,2936.13
2026-06-01 15:05:36,BLR-003,82.17,44.16,3141.5
2026-06-01 15:05:36,BLR-004,71.46,23.97,2638.74
2026-06-01 15:05:36,BLR-005,95.76,32.2,3137.84
2026-06-01 16:05:36,EXC-001,71.12,36.83,3190.58
2026-06-01 16:05:36,EXC-002,72.78,35.76,3013.6
2026-06-01 16:05:36,EXC-003,83.4,44.26,3140.07
2026-06-01 16:05:36,EXC-004,71.85,23.9,2733.71
2026-06-01 16:05:36,EXC-005,99.16,27.24,3159.78
2026-06-01 16:05:36,BLR-001,70.51,35.29,3142.59
2026-06-01 16:05:36,BLR-002,75.81,11.96,3187.16
2026-06-01 16:05:36,BLR-003,70.91,31.14,2528.11
2026-06-01 16:05:36,BLR-004,88.14,32.15,2901.97
2026-06-01 16:05:36,BLR-005,89.27,18.35,2927.64
2026-06-01 17:05:36,EXC-001,95.67,38.7,2502.13
2026-06-01 17:05:36,EXC-002,95.41,25.6,2894.58
2026-06-01 17:05:36,EXC-003,92.61,36.13,2796.77
2026-06-01 17:05:36,EXC-004,93.05,15.43,3167.46
2026-06-01 17:05:36,EXC-005,71.76,28.18,2941.82
2026-06-01 17:05:36,BLR-001,104.63,35.0,2633.19
2026-06-01 17:05:36,BLR-002,79.44,21.32,3193.8
2026-06-01 17:05:36,BLR-003,83.11,31.89,2953.89
2026-06-01 17:05:36,BLR-004,76.55,31.54,2821.93
2026-06-01 17:05:36,BLR-005,93.17,15.29,2859.69
2026-06-01 18:05:36,EXC-001,74.8,36.92,2528.04
2026-06-01 18:05:36,EXC-002,82.41,44.08,3073.71
2026-06-01 18:05:36,EXC-003,81.23,43.47,2997.35
2026-06-01 18:05:36,EXC-004,90.94,41.29,3074.96
2026-06-01 18:05:36,EXC-005,87.37,27.39,2610.76
2026-06-01 18:05:36,BLR-001,94.54,29.53,3033.5
2026-06-01 18:05:36,BLR-002,98.07,43.4,2711.38
2026-06-01 18:05:36,BLR-003,88.31,22.51,5023.691993289027
2026-06-01 18:05:36,BLR-004,91.08,29.08,3105.42
2026-06-01 18:05:36,BLR-005,97.4,43.45,2835.46
2026-06-01 19:05:36,EXC-001,96.27,23.22,2551.12
2026-06-01 19:05:36,EXC-002,77.39,33.84,2927.4
2026-06-01 19:05:36,EXC-003,81.64,11.45,3008.12
2026-06-01 19:05:36,EXC-004,95.22,32.31,2532.97
2026-06-01 19:05:36,EXC-005,100.51,30.23,2579.27
2026-06-01 19:05:36,BLR-001,70.14,22.05,2966.32
2026-06-01 19:05:36,BLR-002,96.59,34.61,3099.85
2026-06-01 19:05:36,BLR-003,99.51,44.96,2695.42
2026-06-01 19:05:36,BLR-004,99.09,44.37,2940.16
2026-06-01 19:05:36,BLR-005,,12.45,3114.76
2026-06-01 20:05:36,EXC-001,87.9,21.72,2548.75
2026-06-01 20:05:36,EXC-002,78.76,22.7,3058.3
2026-06-01 20:05:36,EXC-003,71.8,33.25,3181.15
2026-06-01 20:05:36,EXC-004,,22.66,3177.51
2026-06-01 20:05:36,EXC-005,82.68,34.16,3109.04
2026-06-01 20:05:36,BLR-001,72.75,38.3,2824.05
2026-06-01 20:05:36,BLR-002,83.53,34.46,5286.084035470849
2026-06-01 20:05:36,BLR-003,102.88,35.37,2716.47
2026-06-01 20:05:36,BLR-004,102.37,17.56,2820.96
2026-06-01 20:05:36,BLR-005,103.25,44.01,2643.17
2026-06-01 21:05:36,EXC-001,90.21,28.2,4959.298729214448
2026-06-01 21:05:36,EXC-002,91.08,40.73,2529.35
2026-06-01 21:05:36,EXC-003,,43.65,2845.15
2026-06-01 21:05:36,EXC-004,87.52,44.06,2830.37
2026-06-01 21:05:36,EXC-005,86.59,28.72,2955.33
2026-06-01 21:05:36,BLR-001,79.27,31.49,2956.29
2026-06-01 21:05:36,BLR-002,75.75,12.94,3137.66
2026-06-01 21:05:36,BLR-003,83.63,41.07,2881.52
2026-06-01 21:05:36,BLR-004,100.83,32.18,3132.91
2026-06-01 21:05:36,BLR-005,70.95,41.78,2748.61
2026-06-01 22:05:36,EXC-001,73.09,20.3,3093.11
2026-06-01 22:05:36,EXC-002,84.36,12.96,2849.73
2026-06-01 22:05:36,EXC-003,92.54,30.93,2507.23
2026-06-01 22:05:36,EXC-004,85.22,44.32,3017.7
2026-06-01 22:05:36,EXC-005,104.1,17.4,3167.02
2026-06-01 22:05:36,BLR-001,74.75,43.99,2608.04
2026-06-01 22:05:36,BLR-002,78.28,30.42,2572.45
2026-06-01 22:05:36,BLR-003,80.66,14.84,2806.51
2026-06-01 22:05:36,BLR-004,74.91,30.2,2644.49
2026-06-01 22:05:36,BLR-005,80.24,41.95,2899.63
2026-06-01 23:05:36,EXC-001,,33.21,2893.94
2026-06-01 23:05:36,EXC-002,101.84,26.59,3087.6
2026-06-01 23:05:36,EXC-003,,41.72,2906.54
2026-06-01 23:05:36,EXC-004,81.41,37.33,2902.45
2026-06-01 23:05:36,EXC-005,96.05,15.23,2703.37
2026-06-01 23:05:36,BLR-001,97.04,34.66,2822.21
2026-06-01 23:05:36,BLR-002,78.89,21.34,3095.49
2026-06-01 23:05:36,BLR-003,72.95,34.85,2803.53
2026-06-01 23:05:36,BLR-004,97.32,43.42,2872.68
2026-06-01 23:05:36,BLR-005,81.63,24.84,2930.78
2026-06-02 00:05:36,EXC-001,79.36,11.5,2763.14
2026-06-02 00:05:36,EXC-002,78.86,27.51,2823.86
2026-06-02 00:05:36,EXC-003,103.52,22.47,3026.32
2026-06-02 00:05:36,EXC-004,91.67,41.7,3194.3
2026-06-02 00:05:36,EXC-005,74.6,35.43,2707.82
2026-06-02 00:05:36,BLR-001,83.24,39.73,2742.81
2026-06-02 00:05:36,BLR-002,95.18,35.43,2998.22
2026-06-02 00:05:36,BLR-003,89.57,22.1,2590.2
2026-06-02 00:05:36,BLR-004,80.92,34.27,3113.61
2026-06-02 00:05:36,BLR-005,103.23,14.19,3015.13
2026-06-02 01:05:36,EXC-001,83.66,35.33,2962.07
2026-06-02 01:05:36,EXC-002,78.21,37.46,2630.03
2026-06-02 01:05:36,EXC-003,88.62,12.65,2975.0
2026-06-02 01:05:36,EXC-004,97.23,26.0,2941.91
2026-06-02 01:05:36,EXC-005,78.53,15.49,2872.01
2026-06-02 01:05:36,BLR-001,97.61,27.66,2778.48
2026-06-02 01:05:36,BLR-002,87.53,44.97,3006.77
2026-06-02 01:05:36,BLR-003,95.81,42.15,2616.45
2026-06-02 01:05:36,BLR-004,91.18,39.77,3107.56
2026-06-02 01:05:36,BLR-005,102.72,32.75,2611.22
2026-06-02 02:05:36,EXC-001,93.26,40.59,2972.22
2026-06-02 02:05:36,EXC-002,78.31,23.01,2529.97
2026-06-02 02:05:36,EXC-003,72.58,16.74,3111.1
2026-06-02 02:05:36,EXC-004,101.93,21.87,2773.59
2026-06-02 02:05:36,EXC-005,90.29,28.13,2985.19
2026-06-02 02:05:36,BLR-001,75.74,34.93,2861.18
2026-06-02 02:05:36,BLR-002,96.42,26.73,2766.26
2026-06-02 02:05:36,BLR-003,83.06,15.08,2597.86
2026-06-02 02:05:36,BLR-004,,13.63,3034.42
2026-06-02 02:05:36,BLR-005,96.76,37.84,2957.15
2026-06-02 03:05:36,EXC-001,101.09,16.48,2918.96
2026-06-02 03:05:36,EXC-002,102.81,16.32,3010.71
2026-06-02 03:05:36,EXC-003,97.51,32.91,2698.68
2026-06-02 03:05:36,EXC-004,100.98,21.07,2591.68
2026-06-02 03:05:36,EXC-005,86.1,12.29,2857.78
2026-06-02 03:05:36,BLR-001,72.39,23.45,3086.49
2026-06-02 03:05:36,BLR-002,78.78,41.95,2852.32
2026-06-02 03:05:36,BLR-003,102.23,32.4,2778.69
2026-06-02 03:05:36,BLR-004,80.81,11.06,2500.61
2026-06-02 03:05:36,BLR-005,70.83,23.53,2758.59
2026-06-02 04:05:36,EXC-001,88.79,44.28,2987.11
2026-06-02 04:05:36,EXC-002,70.17,37.45,3028.95
2026-06-02 04:05:36,EXC-003,77.19,23.68,2636.83
2026-06-02 04:05:36,EXC-004,98.44,28.17,2987.07
2026-06-02 04:05:36,EXC-005,78.57,22.12,2504.89
2026-06-02 04:05:36,BLR-001,102.61,38.07,2584.03
2026-06-02 04:05:36,BLR-002,97.58,25.79,4709.1295749899755
2026-06-02 04:05:36,BLR-003,102.18,19.93,3090.79
2026-06-02 04:05:36,BLR-004,93.89,38.33,2560.98
2026-06-02 04:05:36,BLR-005,,29.38,3064.89
2026-06-02 05:05:36,EXC-001,76.23,34.77,2917.97
2026-06-02 05:05:36,EXC-002,81.76,42.92,2941.07
2026-06-02 05:05:36,EXC-003,81.97,38.13,2587.54
2026-06-02 05:05:36,EXC-004,98.11,13.25,2970.63
2026-06-02 05:05:36,EXC-005,80.26,17.75,2521.98
2026-06-02 05:05:36,BLR-001,96.42,30.13,3081.34
2026-06-02 05:05:36,BLR-002,94.1,12.09,5052.696569702453
2026-06-02 05:05:36,BLR-003,94.24,28.01,3178.92
2026-06-02 05:05:36,BLR-004,72.8,12.88,2956.56
2026-06-02 05:05:36,BLR-005,80.58,26.46,2886.21
2026-06-02 06:05:36,EXC-001,92.54,27.48,2615.05
2026-06-02 06:05:36,EXC-002,88.16,18.87,2829.64
2026-06-02 06:05:36,EXC-003,78.18,24.39,2857.57
2026-06-02 06:05:36,EXC-004,100.05,11.55,2636.49
2026-06-02 06:05:36,EXC-005,76.56,35.74,3089.63
2026-06-02 06:05:36,BLR-001,80.26,29.1,2678.0
2026-06-02 06:05:36,BLR-002,95.22,33.41,3016.58
2026-06-02 06:05:36,BLR-003,88.24,36.25,3052.24
2026-06-02 06:05:36,BLR-004,72.7,29.59,2753.08
2026-06-02 06:05:36,BLR-005,,14.78,2551.47
2026-06-02 07:05:36,EXC-001,101.78,39.07,2736.69
2026-06-02 07:05:36,EXC-002,97.58,26.29,2709.34
2026-06-02 07:05:36,EXC-003,76.92,25.93,2743.36
2026-06-02 07:05:36,EXC-004,102.38,33.83,2899.4
2026-06-02 07:05:36,EXC-005,98.54,23.95,2857.5
2026-06-02 07:05:36,BLR-001,103.53,38.6,2590.43
2026-06-02 07:05:36,BLR-002,96.18,21.03,3092.38
2026-06-02 07:05:36,BLR-003,75.09,44.86,2598.45
2026-06-02 07:05:36,BLR-004,96.58,12.29,2581.2
2026-06-02 07:05:36,BLR-005,85.74,27.38,3165.36
2026-06-02 08:05:36,EXC-001,84.61,34.74,3199.27
2026-06-02 08:05:36,EXC-002,94.98,34.5,2948.86
2026-06-02 08:05:36,EXC-003,79.55,42.95,2799.48
2026-06-02 08:05:36,EXC-004,102.7,23.29,2757.07
2026-06-02 08:05:36,EXC-005,100.81,24.22,2879.84
2026-06-02 08:05:36,BLR-001,73.83,14.88,2857.7
2026-06-02 08:05:36,BLR-002,75.69,18.84,3022.42
2026-06-02 08:05:36,BLR-003,78.04,21.56,2872.41
2026-06-02 08:05:36,BLR-004,73.27,43.99,2990.21
2026-06-02 08:05:36,BLR-005,78.25,39.14,2596.72
2026-06-02 09:05:36,EXC-001,73.44,26.43,3182.27
2026-06-02 09:05:36,EXC-002,74.59,17.4,3070.98
2026-06-02 09:05:36,EXC-003,74.57,28.11,3021.66
2026-06-02 09:05:36,EXC-004,96.9,29.52,2780.53
2026-06-02 09:05:36,EXC-005,83.58,12.43,2690.17
2026-06-02 09:05:36,BLR-001,101.69,43.89,2838.09
2026-06-02 09:05:36,BLR-002,73.76,19.05,2794.36
2026-06-02 09:05:36,BLR-003,102.64,41.47,2923.0
2026-06-02 09:05:36,BLR-004,82.05,38.23,2612.67
2026-06-02 09:05:36,BLR-005,99.86,31.76,3174.53
2026-06-02 10:05:36,EXC-001,,25.47,4412.022042846427
2026-06-02 10:05:36,EXC-002,78.04,22.4,2670.61
2026-06-02 10:05:36,EXC-003,89.25,40.15,2926.21
2026-06-02 10:05:36,EXC-004,92.62,13.18,2919.7
2026-06-02 10:05:36,EXC-005,104.22,36.27,2739.16
2026-06-02 10:05:36,BLR-001,104.78,44.03,2656.62
2026-06-02 10:05:36,BLR-002,80.6,33.23,3002.12
2026-06-02 10:05:36,BLR-003,71.8,36.45,3032.15
2026-06-02 10:05:36,BLR-004,73.29,40.09,3071.67
2026-06-02 10:05:36,BLR-005,86.68,21.92,2789.7
2026-06-02 11:05:36,EXC-001,103.4,16.71,3195.75
2026-06-02 11:05:36,EXC-002,78.8,15.85,2566.83
2026-06-02 11:05:36,EXC-003,91.82,18.82,3113.79
2026-06-02 11:05:36,EXC-004,86.28,31.75,5344.091824810279
2026-06-02 11:05:36,EXC-005,88.56,31.57,2546.39
2026-06-02 11:05:36,BLR-001,95.53,20.01,2639.02
2026-06-02 11:05:36,BLR-002,80.65,29.38,2757.18
2026-06-02 11:05:36,BLR-003,93.03,40.4,2689.29
2026-06-02 11:05:36,BLR-004,96.48,42.31,3011.24
2026-06-02 11:05:36,BLR-005,84.7,40.64,2634.07
2026-06-02 12:05:36,EXC-001,77.87,21.74,2787.58
2026-06-02 12:05:36,EXC-002,86.11,19.18,3196.92
2026-06-02 12:05:36,EXC-003,71.72,28.52,2723.02
2026-06-02 12:05:36,EXC-004,87.82,13.32,2780.52
2026-06-02 12:05:36,EXC-005,80.4,20.08,2799.25
2026-06-02 12:05:36,BLR-001,89.71,42.17,2503.09
2026-06-02 12:05:36,BLR-002,99.3,23.93,3068.98
2026-06-02 12:05:36,BLR-003,71.08,18.1,2661.72
2026-06-02 12:05:36,BLR-004,86.57,31.59,2738.06
2026-06-02 12:05:36,BLR-005,98.2,35.08,2530.85
2026-06-02 13:05:36,EXC-001,,33.19,4479.813951429796
2026-06-02 13:05:36,EXC-002,77.88,37.69,4560.255152049536
2026-06-02 13:05:36,EXC-003,90.68,16.06,2723.26
2026-06-02 13:05:36,EXC-004,73.92,36.17,2927.69
2026-06-02 13:05:36,EXC-005,74.49,38.99,2558.99
2026-06-02 13:05:36,BLR-001,78.47,24.9,2836.79
2026-06-02 13:05:36,BLR-002,77.17,22.76,2523.36
2026-06-02 13:05:36,BLR-003,95.21,37.33,2809.69
2026-06-02 13:05:36,BLR-004,77.65,18.87,2995.67
2026-06-02 13:05:36,BLR-005,80.33,10.92,3194.19
2026-06-02 14:05:36,EXC-001,76.71,22.8,2755.63
2026-06-02 14:05:36,EXC-002,84.56,22.2,2764.22
2026-06-02 14:05:36,EXC-003,,39.43,2979.56
2026-06-02 14:05:36,EXC-004,83.14,31.69,2835.79
2026-06-02 14:05:36,EXC-005,99.51,27.66,2702.91
2026-06-02 14:05:36,BLR-001,92.56,35.04,2700.3
2026-06-02 14:05:36,BLR-002,101.03,18.72,2784.54
2026-06-02 14:05:36,BLR-003,80.09,11.74,2972.0
2026-06-02 14:05:36,BLR-004,99.32,27.73,2524.65
2026-06-02 14:05:36,BLR-005,76.24,14.8,2818.1
2026-06-02 15:05:36,EXC-001,74.9,16.27,3132.17
2026-06-02 15:05:36,EXC-002,86.92,23.52,2526.2
2026-06-02 15:05:36,EXC-003,95.9,38.27,3049.66
2026-06-02 15:05:36,EXC-004,,13.13,2709.61
2026-06-02 15:05:36,EXC-005,89.55,34.19,2593.34
2026-06-02 15:05:36,BLR-001,91.5,43.4,2724.36
2026-06-02 15:05:36,BLR-002,97.47,25.27,2677.33
2026-06-02 15:05:36,BLR-003,,21.72,2515.15
2026-06-02 15:05:36,BLR-004,99.99,16.1,2981.12
2026-06-02 15:05:36,BLR-005,90.74,33.2,2779.8
2026-06-02 16:05:36,EXC-001,85.03,18.76,2693.59
2026-06-02 16:05:36,EXC-002,91.59,16.35,2759.79
2026-06-02 16:05:36,EXC-003,88.06,27.1,2771.96
2026-06-02 16:05:36,EXC-004,103.61,28.28,2797.19
2026-06-02 16:05:36,EXC-005,99.31,41.93,2628.86
2026-06-02 16:05:36,BLR-001,80.83,37.36,2741.57
2026-06-02 16:05:36,BLR-002,74.78,23.43,2779.52
2026-06-02 16:05:36,BLR-003,89.53,34.16,2820.89
2026-06-02 16:05:36,BLR-004,71.83,44.91,3188.63
2026-06-02 16:05:36,BLR-005,88.1,40.73,2549.93
2026-06-02 17:05:36,EXC-001,77.99,21.96,2571.88
2026-06-02 17:05:36,EXC-002,76.71,30.22,2925.48
2026-06-02 17:05:36,EXC-003,103.46,41.87,2824.03
2026-06-02 17:05:36,EXC-004,97.79,37.54,2766.27
2026-06-02 17:05:36,EXC-005,73.84,24.95,2883.65
2026-06-02 17:05:36,BLR-001,98.91,40.44,2559.98
2026-06-02 17:05:36,BLR-002,75.12,34.77,2943.85
2026-06-02 17:05:36,BLR-003,92.66,40.06,2596.28
2026-06-02 17:05:36,BLR-004,92.09,10.07,2895.4
2026-06-02 17:05:36,BLR-005,89.82,23.09,3087.88
2026-06-02 18:05:36,EXC-001,100.57,11.35,2727.48
2026-06-02 18:05:36,EXC-002,92.81,35.52,2710.43
2026-06-02 18:05:36,EXC-003,75.28,21.44,4120.007771936586
2026-06-02 18:05:36,EXC-004,99.33,41.96,2511.84
2026-06-02 18:05:36,EXC-005,78.93,37.46,2573.67
2026-06-02 18:05:36,BLR-001,84.91,18.71,2649.32
2026-06-02 18:05:36,BLR-002,95.56,11.09,2612.23
2026-06-02 18:05:36,BLR-003,99.27,37.18,2874.86
2026-06-02 18:05:36,BLR-004,74.61,42.29,2583.0
2026-06-02 18:05:36,BLR-005,90.44,16.52,3034.62
2026-06-02 19:05:36,EXC-001,103.58,11.08,2896.82
2026-06-02 19:05:36,EXC-002,75.5,31.38,2689.53
2026-06-02 19:05:36,EXC-003,102.5,28.52,3038.78
2026-06-02 19:05:36,EXC-004,79.42,36.26,3017.07
2026-06-02 19:05:36,EXC-005,85.52,34.39,2614.08
2026-06-02 19:05:36,BLR-001,102.82,36.73,2867.64
2026-06-02 19:05:36,BLR-002,99.85,11.9,2617.36
2026-06-02 19:05:36,BLR-003,84.64,27.77,3008.97
2026-06-02 19:05:36,BLR-004,71.23,31.51,2984.85
2026-06-02 19:05:36,BLR-005,104.32,14.08,2705.15
2026-06-02 20:05:36,EXC-001,74.66,25.79,3123.04
2026-06-02 20:05:36,EXC-002,,23.19,2876.91
2026-06-02 20:05:36,EXC-003,73.85,19.01,2756.86
2026-06-02 20:05:36,EXC-004,70.45,16.77,3109.53
2026-06-02 20:05:36,EXC-005,94.83,40.46,2692.26
2026-06-02 20:05:36,BLR-001,97.17,27.53,3147.63
2026-06-02 20:05:36,BLR-002,78.91,30.39,3161.56
2026-06-02 20:05:36,BLR-003,89.72,22.58,3043.67
2026-06-02 20:05:36,BLR-004,76.92,22.47,2619.9
2026-06-02 20:05:36,BLR-005,92.9,12.3,2933.76
2026-06-02 21:05:36,EXC-001,93.37,35.15,3092.99
2026-06-02 21:05:36,EXC-002,99.18,39.52,3000.04
2026-06-02 21:05:36,EXC-003,97.35,28.44,2552.46
2026-06-02 21:05:36,EXC-004,86.01,44.33,2988.09
2026-06-02 21:05:36,EXC-005,84.11,40.92,3088.2
2026-06-02 21:05:36,BLR-001,103.2,37.63,3118.49
2026-06-02 21:05:36,BLR-002,79.37,27.76,3197.62
2026-06-02 21:05:36,BLR-003,98.34,24.27,2874.63
2026-06-02 21:05:36,BLR-004,84.9,21.41,2520.31
2026-06-02 21:05:36,BLR-005,92.02,29.29,2912.34
2026-06-02 22:05:36,EXC-001,90.5,20.94,2797.98
2026-06-02 22:05:36,EXC-002,,43.06,2566.51
2026-06-02 22:05:36,EXC-003,,14.53,2862.44
2026-06-02 22:05:36,EXC-004,89.55,24.59,3146.07
2026-06-02 22:05:36,EXC-005,86.41,43.93,2950.63
2026-06-02 22:05:36,BLR-001,73.45,43.1,2863.37
2026-06-02 22:05:36,BLR-002,87.55,25.3,4639.396773646189
2026-06-02 22:05:36,BLR-003,76.25,13.27,2698.93
2026-06-02 22:05:36,BLR-004,103.91,30.26,2924.69
2026-06-02 22:05:36,BLR-005,94.08,32.05,2714.92
2026-06-02 23:05:36,EXC-001,,36.12,3025.95
2026-06-02 23:05:36,EXC-002,94.29,21.44,2935.44
2026-06-02 23:05:36,EXC-003,72.94,18.31,2855.16
2026-06-02 23:05:36,EXC-004,94.14,24.52,2549.03
2026-06-02 23:05:36,EXC-005,99.54,23.52,3020.02
2026-06-02 23:05:36,BLR-001,100.36,23.34,3075.17
2026-06-02 23:05:36,BLR-002,87.76,43.22,2547.61
2026-06-02 23:05:36,BLR-003,77.9,12.7,3107.11
2026-06-02 23:05:36,BLR-004,89.3,11.38,2747.18
2026-06-02 23:05:36,BLR-005,96.28,40.34,2953.49
2026-06-03 00:05:36,EXC-001,81.77,14.36,4960.18785630234
2026-06-03 00:05:36,EXC-002,86.71,25.9,2708.3
2026-06-03 00:05:36,EXC-003,77.39,38.63,3176.97
2026-06-03 00:05:36,EXC-004,80.44,34.55,2649.75
2026-06-03 00:05:36,EXC-005,101.99,10.15,3004.14
2026-06-03 00:05:36,BLR-001,103.52,10.29,2789.78
2026-06-03 00:05:36,BLR-002,,18.18,2601.0
2026-06-03 00:05:36,BLR-003,96.4,38.92,2891.22
2026-06-03 00:05:36,BLR-004,92.03,28.65,2965.71
2026-06-03 00:05:36,BLR-005,87.89,16.88,3119.49
2026-06-03 01:05:36,EXC-001,99.15,15.55,3042.18
2026-06-03 01:05:36,EXC-002,,10.36,3122.32
2026-06-03 01:05:36,EXC-003,88.21,44.42,2746.39
2026-06-03 01:05:36,EXC-004,81.38,14.37,2605.09
2026-06-03 01:05:36,EXC-005,88.84,21.6,3067.1
2026-06-03 01:05:36,BLR-001,81.09,30.29,2754.42
2026-06-03 01:05:36,BLR-002,84.25,31.85,2576.69
2026-06-03 01:05:36,BLR-003,71.66,30.49,3093.19
2026-06-03 01:05:36,BLR-004,90.61,33.7,2577.47
2026-06-03 01:05:36,BLR-005,95.41,39.3,2898.98
2026-06-03 02:05:36,EXC-001,94.39,31.57,2972.4
2026-06-03 02:05:36,EXC-002,79.09,19.49,2735.25
2026-06-03 02:05:36,EXC-003,90.92,37.07,2933.36
2026-06-03 02:05:36,EXC-004,98.47,13.17,2643.74
2026-06-03 02:05:36,EXC-005,97.18,36.65,2981.17
2026-06-03 02:05:36,BLR-001,90.45,31.13,2922.9
2026-06-03 02:05:36,BLR-002,98.92,22.14,2902.81
2026-06-03 02:05:36,BLR-003,94.29,33.42,2986.35
2026-06-03 02:05:36,BLR-004,80.27,18.2,3195.6
2026-06-03 02:05:36,BLR-005,89.66,37.37,2963.46
2026-06-03 03:05:36,EXC-001,72.91,37.97,2565.65
2026-06-03 03:05:36,EXC-002,84.79,44.58,3008.97
2026-06-03 03:05:36,EXC-003,81.1,40.31,2832.79
2026-06-03 03:05:36,EXC-004,89.17,34.61,3091.95
2026-06-03 03:05:36,EXC-005,104.3,37.28,2948.07
2026-06-03 03:05:36,BLR-001,71.06,11.99,2502.79
2026-06-03 03:05:36,BLR-002,85.5,27.47,2980.07
2026-06-03 03:05:36,BLR-003,81.61,24.5,2807.9
2026-06-03 03:05:36,BLR-004,103.04,28.46,2538.39
2026-06-03 03:05:36,BLR-005,81.04,27.7,2884.47
2026-06-03 04:05:36,EXC-001,79.63,40.76,2547.21
2026-06-03 04:05:36,EXC-002,73.05,33.53,3045.73
2026-06-03 04:05:36,EXC-003,,10.89,2605.55
2026-06-03 04:05:36,EXC-004,85.81,15.18,2592.92
2026-06-03 04:05:36,EXC-005,88.62,29.02,2862.57
2026-06-03 04:05:36,BLR-001,91.16,24.52,2514.7
2026-06-03 04:05:36,BLR-002,91.37,44.51,2807.83
2026-06-03 04:05:36,BLR-003,96.68,40.91,2839.47
2026-06-03 04:05:36,BLR-004,73.64,15.35,4533.898646110744
2026-06-03 04:05:36,BLR-005,85.53,16.84,2779.12
2026-06-03 05:05:36,EXC-001,70.92,42.25,2522.92
2026-06-03 05:05:36,EXC-002,76.62,24.15,2969.62
2026-06-03 05:05:36,EXC-003,85.89,24.01,2993.27
2026-06-03 05:05:36,EXC-004,103.86,32.14,3115.25
2026-06-03 05:05:36,EXC-005,102.29,14.42,3005.03
2026-06-03 05:05:36,BLR-001,77.29,28.65,3134.7
2026-06-03 05:05:36,BLR-002,77.96,23.32,2950.62
2026-06-03 05:05:36,BLR-003,,22.62,2558.69
2026-06-03 05:05:36,BLR-004,92.21,20.08,3042.63
2026-06-03 05:05:36,BLR-005,73.98,17.06,2806.56
2026-06-03 06:05:36,EXC-001,96.86,34.14,3031.67
2026-06-03 06:05:36,EXC-002,103.09,11.07,2645.66
2026-06-03 06:05:36,EXC-003,80.7,10.7,2691.83
2026-06-03 06:05:36,EXC-004,89.33,44.05,2775.23
2026-06-03 06:05:36,EXC-005,73.67,32.85,2701.2
2026-06-03 06:05:36,BLR-001,84.27,11.67,2597.72
2026-06-03 06:05:36,BLR-002,89.45,23.72,3067.28
2026-06-03 06:05:36,BLR-003,77.19,13.51,2566.3
2026-06-03 06:05:36,BLR-004,79.26,17.83,2957.77
2026-06-03 06:05:36,BLR-005,83.46,28.57,2713.09
2026-06-03 07:05:36,EXC-001,96.89,22.83,2599.35
2026-06-03 07:05:36,EXC-002,104.16,40.2,3112.33
2026-06-03 07:05:36,EXC-003,93.7,10.93,2812.93
2026-06-03 07:05:36,EXC-004,93.5,35.81,2641.63
2026-06-03 07:05:36,EXC-005,91.59,26.42,2914.03
2026-06-03 07:05:36,BLR-001,104.09,14.76,3190.32
2026-06-03 07:05:36,BLR-002,102.58,25.74,3160.2
2026-06-03 07:05:36,BLR-003,93.66,10.73,3180.92
2026-06-03 07:05:36,BLR-004,70.69,35.03,2644.86
2026-06-03 07:05:36,BLR-005,77.31,14.97,2731.51
2026-06-03 08:05:36,EXC-001,,25.41,2743.4
2026-06-03 08:05:36,EXC-002,87.84,34.73,3001.72
2026-06-03 08:05:36,EXC-003,90.04,25.27,2912.96
2026-06-03 08:05:36,EXC-004,93.18,27.85,2797.55
2026-06-03 08:05:36,EXC-005,80.59,17.38,3101.47
2026-06-03 08:05:36,BLR-001,78.47,11.7,2741.04
2026-06-03 08:05:36,BLR-002,84.49,32.48,2571.38
2026-06-03 08:05:36,BLR-003,103.89,12.13,2944.81
2026-06-03 08:05:36,BLR-004,76.35,30.19,2994.73
2026-06-03 08:05:36,BLR-005,75.58,15.29,2652.9
2026-06-03 09:05:36,EXC-001,102.9,11.82,3025.23
2026-06-03 09:05:36,EXC-002,102.1,28.58,2998.77
2026-06-03 09:05:36,EXC-003,71.47,24.59,3079.41
2026-06-03 09:05:36,EXC-004,89.98,21.07,2751.33
2026-06-03 09:05:36,EXC-005,84.67,14.57,2904.23
2026-06-03 09:05:36,BLR-001,83.81,17.33,2625.1
2026-06-03 09:05:36,BLR-002,75.86,29.72,2711.42
2026-06-03 09:05:36,BLR-003,93.56,32.17,2755.96
2026-06-03 09:05:36,BLR-004,104.95,19.13,2542.25
2026-06-03 09:05:36,BLR-005,81.7,22.83,2844.12
2026-06-03 10:05:36,EXC-001,97.0,14.83,3120.2
2026-06-03 10:05:36,EXC-002,,40.99,3025.3
2026-06-03 10:05:36,EXC-003,89.46,26.8,2533.04
2026-06-03 10:05:36,EXC-004,72.15,13.96,3088.91
2026-06-03 10:05:36,EXC-005,78.4,14.61,2968.56
2026-06-03 10:05:36,BLR-001,77.52,33.11,2844.55
2026-06-03 10:05:36,BLR-002,95.33,17.88,2532.09
2026-06-03 10:05:36,BLR-003,101.88,32.57,2762.61
2026-06-03 10:05:36,BLR-004,77.49,30.63,2782.21
2026-06-03 10:05:36,BLR-005,76.68,22.63,2938.76
2026-06-03 11:05:36,EXC-001,74.97,20.13,3079.52
2026-06-03 11:05:36,EXC-002,82.03,21.32,2934.25
2026-06-03 11:05:36,EXC-003,93.04,23.14,2903.93
2026-06-03 11:05:36,EXC-004,89.66,19.07,2667.81
2026-06-03 11:05:36,EXC-005,103.37,14.96,3036.69
2026-06-03 11:05:36,BLR-001,81.6,30.69,3105.67
2026-06-03 11:05:36,BLR-002,76.53,31.3,2856.46
2026-06-03 11:05:36,BLR-003,104.05,30.98,2777.06
2026-06-03 11:05:36,BLR-004,94.64,34.84,2610.76
2026-06-03 11:05:36,BLR-005,86.51,41.9,3186.74
2026-06-03 12:05:36,EXC-001,92.25,28.55,3055.51
2026-06-03 12:05:36,EXC-002,88.61,13.88,2671.21
2026-06-03 12:05:36,EXC-003,84.07,42.46,2950.2
2026-06-03 12:05:36,EXC-004,96.63,10.37,2931.25
2026-06-03 12:05:36,EXC-005,74.0,28.5,2893.21
2026-06-03 12:05:36,BLR-001,,17.26,2688.33
2026-06-03 12:05:36,BLR-002,78.64,15.31,2676.35
2026-06-03 12:05:36,BLR-003,78.94,10.35,2585.9
2026-06-03 12:05:36,BLR-004,98.59,10.37,3032.92
2026-06-03 12:05:36,BLR-005,86.43,15.4,2770.54
2026-06-03 13:05:36,EXC-001,87.3,30.24,2730.32
2026-06-03 13:05:36,EXC-002,103.58,25.35,2973.9
2026-06-03 13:05:36,EXC-003,70.04,42.46,3126.15
2026-06-03 13:05:36,EXC-004,95.61,18.34,3159.6
2026-06-03 13:05:36,EXC-005,85.45,28.24,3124.4
2026-06-03 13:05:36,BLR-001,94.47,12.18,3096.48
2026-06-03 13:05:36,BLR-002,76.34,31.82,3079.93
2026-06-03 13:05:36,BLR-003,101.07,26.8,2696.41
2026-06-03 13:05:36,BLR-004,75.45,34.48,2983.81
2026-06-03 13:05:36,BLR-005,94.15,30.7,3009.09
2026-06-03 14:05:36,EXC-001,92.32,40.73,3097.38
2026-06-03 14:05:36,EXC-002,79.19,28.5,2601.94
2026-06-03 14:05:36,EXC-003,93.74,13.14,2987.84
2026-06-03 14:05:36,EXC-004,,35.43,3035.88
2026-06-03 14:05:36,EXC-005,102.78,33.05,3034.64
2026-06-03 14:05:36,BLR-001,92.34,24.92,2997.19
2026-06-03 14:05:36,BLR-002,92.68,18.88,3002.19
2026-06-03 14:05:36,BLR-003,90.97,29.87,2504.84
2026-06-03 14:05:36,BLR-004,73.51,24.86,2613.34
2026-06-03 14:05:36,BLR-005,74.53,17.04,2651.38
2026-06-03 15:05:36,EXC-001,90.78,30.91,2596.01
2026-06-03 15:05:36,EXC-002,80.42,10.84,2944.84
2026-06-03 15:05:36,EXC-003,101.52,15.01,3085.45
2026-06-03 15:05:36,EXC-004,,16.97,2857.18
2026-06-03 15:05:36,EXC-005,79.56,27.41,2845.29
2026-06-03 15:05:36,BLR-001,101.83,15.81,3086.19
2026-06-03 15:05:36,BLR-002,78.13,41.87,3059.56
2026-06-03 15:05:36,BLR-003,79.58,28.56,2725.8
2026-06-03 15:05:36,BLR-004,72.84,40.19,3195.74
2026-06-03 15:05:36,BLR-005,101.01,44.55,2596.55
2026-06-03 16:05:36,EXC-001,84.62,32.41,3097.07
2026-06-03 16:05:36,EXC-002,80.93,14.3,3140.92
2026-06-03 16:05:36,EXC-003,92.95,22.07,3052.14
2026-06-03 16:05:36,EXC-004,,13.73,2868.43
2026-06-03 16:05:36,EXC-005,70.59,18.44,2541.7
2026-06-03 16:05:36,BLR-001,77.81,38.5,2909.74
2026-06-03 16:05:36,BLR-002,101.14,23.54,2891.32
2026-06-03 16:05:36,BLR-003,93.22,43.63,2563.83
2026-06-03 16:05:36,BLR-004,,33.53,3111.52
2026-06-03 16:05:36,BLR-005,91.61,39.66,3183.44
2026-06-03 17:05:36,EXC-001,72.94,37.92,2717.87
2026-06-03 17:05:36,EXC-002,101.77,32.32,2956.91
2026-06-03 17:05:36,EXC-003,80.84,20.73,2678.5
2026-06-03 17:05:36,EXC-004,102.72,27.38,3015.84
2026-06-03 17:05:36,EXC-005,77.14,24.74,2982.96
2026-06-03 17:05:36,BLR-001,96.88,31.1,3055.89
2026-06-03 17:05:36,BLR-002,71.62,31.4,2950.01
2026-06-03 17:05:36,BLR-003,76.24,37.46,2760.94
2026-06-03 17:05:36,BLR-004,75.38,36.69,2722.64
2026-06-03 17:05:36,BLR-005,88.41,31.67,2895.67
2026-06-03 18:05:36,EXC-001,77.89,20.29,2635.86
2026-06-03 18:05:36,EXC-002,94.0,28.88,3061.49
2026-06-03 18:05:36,EXC-003,,28.15,2820.57
2026-06-03 18:05:36,EXC-004,85.57,40.52,3117.86
2026-06-03 18:05:36,EXC-005,81.17,40.34,3072.89
2026-06-03 18:05:36,BLR-001,102.31,42.93,2955.32
2026-06-03 18:05:36,BLR-002,75.56,35.26,3081.17
2026-06-03 18:05:36,BLR-003,81.6,14.44,2629.09
2026-06-03 18:05:36,BLR-004,99.45,38.66,2837.23
2026-06-03 18:05:36,BLR-005,93.29,15.42,2868.66
2026-06-03 19:05:36,EXC-001,85.06,40.85,2920.92
2026-06-03 19:05:36,EXC-002,84.56,25.45,2755.29
2026-06-03 19:05:36,EXC-003,95.99,29.95,2896.02
2026-06-03 19:05:36,EXC-004,78.93,31.86,3134.98
2026-06-03 19:05:36,EXC-005,77.57,16.53,2939.06
2026-06-03 19:05:36,BLR-001,100.85,24.88,2609.02
2026-06-03 19:05:36,BLR-002,99.44,30.49,3111.62
2026-06-03 19:05:36,BLR-003,,29.77,2510.06
2026-06-03 19:05:36,BLR-004,82.31,19.09,3143.54
2026-06-03 19:05:36,BLR-005,71.29,37.99,2663.47
2026-06-03 20:05:36,EXC-001,,18.21,2622.03
2026-06-03 20:05:36,EXC-002,90.83,24.24,2946.64
2026-06-03 20:05:36,EXC-003,74.84,33.78,2856.3
2026-06-03 20:05:36,EXC-004,77.75,38.81,2582.83
2026-06-03 20:05:36,EXC-005,76.16,44.58,3012.7
2026-06-03 20:05:36,BLR-001,76.28,36.26,4748.518221744763
2026-06-03 20:05:36,BLR-002,101.99,27.75,2808.48
2026-06-03 20:05:36,BLR-003,80.67,16.3,2629.07
2026-06-03 20:05:36,BLR-004,73.83,17.9,3056.18
2026-06-03 20:05:36,BLR-005,79.01,15.33,2923.9
2026-06-03 21:05:36,EXC-001,82.99,11.14,2541.07
2026-06-03 21:05:36,EXC-002,104.99,29.82,2693.41
2026-06-03 21:05:36,EXC-003,95.38,37.7,2713.2
2026-06-03 21:05:36,EXC-004,100.32,15.01,2927.3
2026-06-03 21:05:36,EXC-005,90.75,33.42,3193.22
2026-06-03 21:05:36,BLR-001,,35.61,2590.91
2026-06-03 21:05:36,BLR-002,84.77,43.63,3195.55
2026-06-03 21:05:36,BLR-003,81.28,29.86,2735.32
2026-06-03 21:05:36,BLR-004,73.1,20.62,3051.63
2026-06-03 21:05:36,BLR-005,73.55,13.31,2533.29
2026-06-03 22:05:36,EXC-001,99.45,42.66,3117.16
2026-06-03 22:05:36,EXC-002,73.68,44.23,2991.6
2026-06-03 22:05:36,EXC-003,87.13,35.38,2850.7
2026-06-03 22:05:36,EXC-004,,43.12,2807.24
2026-06-03 22:05:36,EXC-005,97.38,26.7,2553.05
2026-06-03 22:05:36,BLR-001,81.71,40.63,2971.99
2026-06-03 22:05:36,BLR-002,91.46,17.47,2645.28
2026-06-03 22:05:36,BLR-003,100.22,23.67,2973.7
2026-06-03 22:05:36,BLR-004,96.06,20.77,3190.91
2026-06-03 22:05:36,BLR-005,81.19,12.49,3137.7
2026-06-03 23:05:36,EXC-001,78.16,29.48,2533.33
2026-06-03 23:05:36,EXC-002,81.95,16.87,2546.11
2026-06-03 23:05:36,EXC-003,81.57,35.33,2805.75
2026-06-03 23:05:36,EXC-004,,15.48,2900.07
2026-06-03 23:05:36,EXC-005,86.78,34.47,3157.92
2026-06-03 23:05:36,BLR-001,95.79,33.14,3044.76
2026-06-03 23:05:36,BLR-002,98.93,24.71,2709.23
2026-06-03 23:05:36,BLR-003,92.22,38.43,2849.65
2026-06-03 23:05:36,BLR-004,95.51,10.62,3151.33
2026-06-03 23:05:36,BLR-005,77.11,17.92,2789.87
2026-06-04 00:05:36,EXC-001,81.12,13.18,2882.52
2026-06-04 00:05:36,EXC-002,96.48,33.73,2550.47
2026-06-04 00:05:36,EXC-003,79.85,37.15,2965.77
2026-06-04 00:05:36,EXC-004,83.94,40.51,2623.23
2026-06-04 00:05:36,EXC-005,98.55,25.75,2892.49
2026-06-04 00:05:36,BLR-001,96.78,39.63,2638.18
2026-06-04 00:05:36,BLR-002,102.99,41.35,3144.59
2026-06-04 00:05:36,BLR-003,98.88,11.18,2940.85
2026-06-04 00:05:36,BLR-004,81.89,30.94,2816.71
2026-06-04 00:05:36,BLR-005,70.29,42.79,2673.2
2026-06-04 01:05:36,EXC-001,93.57,20.67,2788.53
2026-06-04 01:05:36,EXC-002,86.28,15.46,3033.01
2026-06-04 01:05:36,EXC-003,98.88,31.35,2740.08
2026-06-04 01:05:36,EXC-004,93.98,39.37,2886.16
2026-06-04 01:05:36,EXC-005,89.09,42.32,2738.01
2026-06-04 01:05:36,BLR-001,,15.09,2835.59
2026-06-04 01:05:36,BLR-002,74.22,40.26,2930.53
2026-06-04 01:05:36,BLR-003,87.24,25.19,2855.35
2026-06-04 01:05:36,BLR-004,73.13,42.99,2862.66
2026-06-04 01:05:36,BLR-005,80.78,13.07,3167.37
2026-06-04 02:05:36,EXC-001,,18.43,2787.61
2026-06-04 02:05:36,EXC-002,104.31,37.85,3081.39
2026-06-04 02:05:36,EXC-003,83.88,36.47,2862.25
2026-06-04 02:05:36,EXC-004,104.57,16.56,2751.67
2026-06-04 02:05:36,EXC-005,99.4,16.37,2851.92
2026-06-04 02:05:36,BLR-001,71.01,19.73,2683.68
2026-06-04 02:05:36,BLR-002,88.07,44.25,2892.98
2026-06-04 02:05:36,BLR-003,88.09,27.09,2748.3
2026-06-04 02:05:36,BLR-004,85.25,16.33,2940.27
2026-06-04 02:05:36,BLR-005,99.38,27.88,2730.76
2026-06-04 03:05:36,EXC-001,70.09,34.78,3085.37
2026-06-04 03:05:36,EXC-002,98.07,33.13,2639.58
2026-06-04 03:05:36,EXC-003,72.96,26.63,2654.56
2026-06-04 03:05:36,EXC-004,79.37,31.61,5108.026496135284
2026-06-04 03:05:36,EXC-005,84.87,24.24,2925.9
2026-06-04 03:05:36,BLR-001,76.41,25.46,4447.636372434761
2026-06-04 03:05:36,BLR-002,98.32,11.53,2950.44
2026-06-04 03:05:36,BLR-003,76.02,28.21,4617.050460085874
2026-06-04 03:05:36,BLR-004,72.42,42.51,3076.78
2026-06-04 03:05:36,BLR-005,104.64,10.1,2927.05
2026-06-04 04:05:36,EXC-001,86.69,11.63,2558.58
2026-06-04 04:05:36,EXC-002,82.66,22.92,2584.25
2026-06-04 04:05:36,EXC-003,73.9,16.4,2941.97
2026-06-04 04:05:36,EXC-004,71.64,11.27,2789.16
2026-06-04 04:05:36,EXC-005,102.66,40.17,2693.4
2026-06-04 04:05:36,BLR-001,71.64,41.41,2862.15
2026-06-04 04:05:36,BLR-002,78.76,29.29,3105.32
2026-06-04 04:05:36,BLR-003,103.64,21.95,3197.62
2026-06-04 04:05:36,BLR-004,75.53,11.06,3011.14
2026-06-04 04:05:36,BLR-005,100.64,10.58,2769.1
2026-06-04 05:05:36,EXC-001,95.18,38.82,2793.42
2026-06-04 05:05:36,EXC-002,84.27,42.03,2776.78
2026-06-04 05:05:36,EXC-003,100.29,29.99,2636.13
2026-06-04 05:05:36,EXC-004,96.74,33.08,2991.4
2026-06-04 05:05:36,EXC-005,103.92,14.09,2504.33
2026-06-04 05:05:36,BLR-001,91.8,40.78,2659.69
2026-06-04 05:05:36,BLR-002,100.17,23.18,2814.08
2026-06-04 05:05:36,BLR-003,86.4,35.0,2680.4
2026-06-04 05:05:36,BLR-004,,43.98,2600.88
2026-06-04 05:05:36,BLR-005,76.31,43.79,3062.4
2026-06-04 06:05:36,EXC-001,95.74,35.08,2837.34
2026-06-04 06:05:36,EXC-002,99.58,23.48,2589.14
2026-06-04 06:05:36,EXC-003,89.83,20.5,2594.62
2026-06-04 06:05:36,EXC-004,77.11,12.62,2580.49
2026-06-04 06:05:36,EXC-005,99.25,12.21,2720.82
2026-06-04 06:05:36,BLR-001,80.35,18.98,3169.16
2026-06-04 06:05:36,BLR-002,96.8,15.55,2646.69
2026-06-04 06:05:36,BLR-003,75.13,27.12,3148.79
2026-06-04 06:05:36,BLR-004,80.64,28.45,4934.887171598339
2026-06-04 06:05:36,BLR-005,94.13,37.75,3009.2
2026-06-04 07:05:36,EXC-001,83.25,11.39,3057.66
2026-06-04 07:05:36,EXC-002,,34.66,2972.71
2026-06-04 07:05:36,EXC-003,75.23,29.2,2585.92
2026-06-04 07:05:36,EXC-004,88.92,30.48,2698.72
2026-06-04 07:05:36,EXC-005,76.47,33.77,2885.38
2026-06-04 07:05:36,BLR-001,,12.09,3030.43
2026-06-04 07:05:36,BLR-002,93.77,22.5,3073.62
2026-06-04 07:05:36,BLR-003,83.21,33.97,2987.38
2026-06-04 07:05:36,BLR-004,90.62,41.58,2885.86
2026-06-04 07:05:36,BLR-005,79.87,29.86,2801.65
2026-06-04 08:05:36,EXC-001,71.21,31.84,2844.18
2026-06-04 08:05:36,EXC-002,83.15,26.27,2975.13
2026-06-04 08:05:36,EXC-003,83.42,12.81,2565.53
2026-06-04 08:05:36,EXC-004,97.22,24.7,2846.62
2026-06-04 08:05:36,EXC-005,70.59,44.65,2985.95
2026-06-04 08:05:36,BLR-001,89.49,14.73,2967.84
2026-06-04 08:05:36,BLR-002,72.8,28.72,2570.74
2026-06-04 08:05:36,BLR-003,83.78,15.17,3161.16
2026-06-04 08:05:36,BLR-004,70.67,39.64,3107.95
2026-06-04 08:05:36,BLR-005,73.22,33.57,2696.17
2026-06-04 09:05:36,EXC-001,,25.63,2561.6
2026-06-04 09:05:36,EXC-002,103.17,34.65,2778.27
2026-06-04 09:05:36,EXC-003,71.96,23.48,2865.95
2026-06-04 09:05:36,EXC-004,97.8,13.55,2973.72
2026-06-04 09:05:36,EXC-005,80.75,19.27,2780.38
2026-06-04 09:05:36,BLR-001,73.66,29.61,3115.04
2026-06-04 09:05:36,BLR-002,85.49,19.56,2638.98
2026-06-04 09:05:36,BLR-003,82.84,41.7,3049.69
2026-06-04 09:05:36,BLR-004,94.48,44.91,2996.9
2026-06-04 09:05:36,BLR-005,100.23,28.63,3169.24
2026-06-04 10:05:36,EXC-001,81.56,35.4,2833.59
2026-06-04 10:05:36,EXC-002,84.88,28.75,2673.72
2026-06-04 10:05:36,EXC-003,103.06,15.13,2920.21
2026-06-04 10:05:36,EXC-004,76.65,23.01,2965.01
2026-06-04 10:05:36,EXC-005,80.69,17.35,2710.51
2026-06-04 10:05:36,BLR-001,85.06,31.75,3125.25
2026-06-04 10:05:36,BLR-002,84.65,41.39,2795.6
2026-06-04 10:05:36,BLR-003,80.09,11.7,2974.9
2026-06-04 10:05:36,BLR-004,79.85,31.47,3097.15
2026-06-04 10:05:36,BLR-005,95.46,11.05,2749.27
2026-06-04 11:05:36,EXC-001,74.39,27.62,2955.81
2026-06-04 11:05:36,EXC-002,83.91,21.0,2999.98
2026-06-04 11:05:36,EXC-003,79.9,15.99,2702.73
2026-06-04 11:05:36,EXC-004,96.25,39.23,2778.31
2026-06-04 11:05:36,EXC-005,94.59,35.64,2865.29
2026-06-04 11:05:36,BLR-001,73.42,14.59,2958.26
2026-06-04 11:05:36,BLR-002,73.49,38.46,2862.02
2026-06-04 11:05:36,BLR-003,86.36,35.55,2692.89
2026-06-04 11:05:36,BLR-004,71.34,36.86,2599.47
2026-06-04 11:05:36,BLR-005,101.94,23.33,2569.17
2026-06-04 12:05:36,EXC-001,,24.12,2547.54
2026-06-04 12:05:36,EXC-002,75.79,22.9,3042.68
2026-06-04 12:05:36,EXC-003,97.84,44.36,2787.15
2026-06-04 12:05:36,EXC-004,97.0,31.67,3100.72
2026-06-04 12:05:36,EXC-005,86.36,41.83,2836.62
2026-06-04 12:05:36,BLR-001,102.74,34.54,3076.35
2026-06-04 12:05:36,BLR-002,80.41,24.11,2752.88
2026-06-04 12:05:36,BLR-003,93.8,33.92,3112.4
2026-06-04 12:05:36,BLR-004,77.46,20.36,4929.547765389219
2026-06-04 12:05:36,BLR-005,82.58,29.17,2797.59
2026-06-04 13:05:36,EXC-001,71.15,31.75,3011.75
2026-06-04 13:05:36,EXC-002,72.99,36.65,2904.22
2026-06-04 13:05:36,EXC-003,,13.97,3067.81
2026-06-04 13:05:36,EXC-004,104.28,13.62,4251.191312596558
2026-06-04 13:05:36,EXC-005,76.33,16.82,2885.76
2026-06-04 13:05:36,BLR-001,70.27,41.64,2676.86
2026-06-04 13:05:36,BLR-002,89.26,23.97,2900.83
2026-06-04 13:05:36,BLR-003,82.84,21.65,2942.18
2026-06-04 13:05:36,BLR-004,82.1,21.93,3007.34
2026-06-04 13:05:36,BLR-005,77.23,17.77,2751.43
2026-06-04 14:05:36,EXC-001,71.66,23.39,2837.1
2026-06-04 14:05:36,EXC-002,87.02,41.4,3188.43
2026-06-04 14:05:36,EXC-003,,37.23,2803.52
2026-06-04 14:05:36,EXC-004,,15.04,3132.88
2026-06-04 14:05:36,EXC-005,73.26,36.23,3165.01
2026-06-04 14:05:36,BLR-001,85.63,41.69,2536.71
2026-06-04 14:05:36,BLR-002,,18.33,3108.72
2026-06-04 14:05:36,BLR-003,89.01,26.19,3132.65
2026-06-04 14:05:36,BLR-004,103.74,30.0,2554.0
2026-06-04 14:05:36,BLR-005,84.97,20.26,2598.14
2026-06-04 15:05:36,EXC-001,80.45,10.36,4954.121638808423
2026-06-04 15:05:36,EXC-002,75.91,34.64,2911.27
2026-06-04 15:05:36,EXC-003,,30.33,2512.82
2026-06-04 15:05:36,EXC-004,70.96,28.56,2652.42
2026-06-04 15:05:36,EXC-005,71.83,34.43,2909.85
2026-06-04 15:05:36,BLR-001,97.33,14.9,2803.54
2026-06-04 15:05:36,BLR-002,71.1,13.96,2773.15
2026-06-04 15:05:36,BLR-003,,21.43,2993.16
2026-06-04 15:05:36,BLR-004,95.38,13.5,2838.04
2026-06-04 15:05:36,BLR-005,89.43,14.19,2809.18
2026-06-04 16:05:36,EXC-001,76.56,17.66,2734.12
2026-06-04 16:05:36,EXC-002,71.19,30.39,2905.5
2026-06-04 16:05:36,EXC-003,82.97,35.13,2887.9
2026-06-04 16:05:36,EXC-004,98.93,20.37,2835.0
2026-06-04 16:05:36,EXC-005,103.73,14.13,2751.23
2026-06-04 16:05:36,BLR-001,74.75,12.38,2628.29
2026-06-04 16:05:36,BLR-002,93.98,23.43,2555.45
2026-06-04 16:05:36,BLR-003,76.71,38.55,2553.63
2026-06-04 16:05:36,BLR-004,76.42,11.05,2527.44
2026-06-04 16:05:36,BLR-005,73.4,24.57,2888.3
2026-06-04 17:05:36,EXC-001,80.91,39.44,3034.93
2026-06-04 17:05:36,EXC-002,104.95,27.69,3067.52
2026-06-04 17:05:36,EXC-003,79.73,34.96,2727.66
2026-06-04 17:05:36,EXC-004,103.57,12.8,2679.68
2026-06-04 17:05:36,EXC-005,71.72,36.45,2854.63
2026-06-04 17:05:36,BLR-001,77.86,40.79,5353.434413983912
2026-06-04 17:05:36,BLR-002,,43.43,2804.41
2026-06-04 17:05:36,BLR-003,96.32,30.95,2619.53
2026-06-04 17:05:36,BLR-004,72.62,22.62,3015.5
2026-06-04 17:05:36,BLR-005,88.58,14.63,3022.57
2026-06-04 18:05:36,EXC-001,101.46,18.26,3004.31
2026-06-04 18:05:36,EXC-002,83.62,12.14,3050.71
2026-06-04 18:05:36,EXC-003,97.12,38.72,2677.89
2026-06-04 18:05:36,EXC-004,79.84,16.37,2758.41
2026-06-04 18:05:36,EXC-005,73.14,40.29,2793.28
2026-06-04 18:05:36,BLR-001,77.69,39.69,2685.91
2026-06-04 18:05:36,BLR-002,85.39,28.37,2688.03
2026-06-04 18:05:36,BLR-003,71.38,39.91,2651.04
2026-06-04 18:05:36,BLR-004,77.81,32.03,2833.83
2026-06-04 18:05:36,BLR-005,83.36,28.17,2921.86
2026-06-04 19:05:36,EXC-001,79.7,12.55,2776.26
2026-06-04 19:05:36,EXC-002,79.8,10.75,2834.4
2026-06-04 19:05:36,EXC-003,104.92,34.79,2761.58
2026-06-04 19:05:36,EXC-004,98.54,43.17,2928.42
2026-06-04 19:05:36,EXC-005,84.12,43.79,2864.84
2026-06-04 19:05:36,BLR-001,80.23,17.87,2809.35
2026-06-04 19:05:36,BLR-002,97.27,39.56,2558.09
2026-06-04 19:05:36,BLR-003,85.36,22.43,2856.65
2026-06-04 19:05:36,BLR-004,81.38,43.77,3010.25
2026-06-04 19:05:36,BLR-005,72.61,35.19,2506.72
2026-06-04 20:05:36,EXC-001,95.08,36.94,2781.04
2026-06-04 20:05:36,EXC-002,87.35,36.25,3024.25
2026-06-04 20:05:36,EXC-003,73.7,13.16,2886.77
2026-06-04 20:05:36,EXC-004,73.52,16.32,2928.33
2026-06-04 20:05:36,EXC-005,79.76,26.11,3103.36
2026-06-04 20:05:36,BLR-001,87.09,33.01,2961.19
2026-06-04 20:05:36,BLR-002,71.56,13.16,3194.26
2026-06-04 20:05:36,BLR-003,73.61,30.53,3000.36
2026-06-04 20:05:36,BLR-004,88.13,20.46,2919.88
2026-06-04 20:05:36,BLR-005,104.11,41.69,3065.64
2026-06-04 21:05:36,EXC-001,104.7,20.65,2692.99
2026-06-04 21:05:36,EXC-002,100.85,34.19,2532.74
2026-06-04 21:05:36,EXC-003,77.45,36.33,2758.59
2026-06-04 21:05:36,EXC-004,87.25,31.1,2899.01
2026-06-04 21:05:36,EXC-005,87.77,22.69,3153.75
2026-06-04 21:05:36,BLR-001,82.05,30.17,3084.98
2026-06-04 21:05:36,BLR-002,100.39,26.3,3014.84
2026-06-04 21:05:36,BLR-003,72.91,43.58,2787.63
2026-06-04 21:05:36,BLR-004,101.33,41.35,3038.77
2026-06-04 21:05:36,BLR-005,82.93,12.13,3029.38
2026-06-04 22:05:36,EXC-001,88.31,21.21,2688.18
2026-06-04 22:05:36,EXC-002,99.88,12.71,3010.22
2026-06-04 22:05:36,EXC-003,78.58,14.38,2916.11
2026-06-04 22:05:36,EXC-004,89.11,36.94,2923.35
2026-06-04 22:05:36,EXC-005,87.04,17.47,2567.84
2026-06-04 22:05:36,BLR-001,74.91,37.19,2538.42
2026-06-04 22:05:36,BLR-002,,34.08,3137.77
2026-06-04 22:05:36,BLR-003,87.69,27.97,3017.27
2026-06-04 22:05:36,BLR-004,96.96,42.11,2544.69
2026-06-04 22:05:36,BLR-005,73.93,42.0,2716.34
2026-06-04 23:05:36,EXC-001,82.58,13.89,2636.12
2026-06-04 23:05:36,EXC-002,74.34,42.47,2886.2
2026-06-04 23:05:36,EXC-003,76.79,13.44,2750.5
2026-06-04 23:05:36,EXC-004,95.87,21.45,5072.579971769634
2026-06-04 23:05:36,EXC-005,91.23,30.6,2966.22
2026-06-04 23:05:36,BLR-001,70.08,44.57,3182.17
2026-06-04 23:05:36,BLR-002,89.09,11.28,2930.99
2026-06-04 23:05:36,BLR-003,103.54,27.0,2844.19
2026-06-04 23:05:36,BLR-004,89.24,31.05,2654.73
2026-06-04 23:05:36,BLR-005,81.6,41.25,2910.32
2026-06-05 00:05:36,EXC-001,90.59,15.12,3150.35
2026-06-05 00:05:36,EXC-002,88.54,19.81,2520.51
2026-06-05 00:05:36,EXC-003,,19.86,3021.05
2026-06-05 00:05:36,EXC-004,91.49,12.54,2500.34
2026-06-05 00:05:36,EXC-005,101.9,44.75,2706.41
2026-06-05 00:05:36,BLR-001,89.34,35.28,2657.19
2026-06-05 00:05:36,BLR-002,96.45,34.23,2679.52
2026-06-05 00:05:36,BLR-003,89.47,12.45,2933.31
2026-06-05 00:05:36,BLR-004,86.47,37.48,2711.57
2026-06-05 00:05:36,BLR-005,78.1,44.71,2762.04
2026-06-05 01:05:36,EXC-001,94.4,39.86,2738.01
2026-06-05 01:05:36,EXC-002,95.69,33.22,2951.33
2026-06-05 01:05:36,EXC-003,83.72,31.06,2794.19
2026-06-05 01:05:36,EXC-004,82.51,41.33,2556.34
2026-06-05 01:05:36,EXC-005,89.46,33.48,2911.25
2026-06-05 01:05:36,BLR-001,,28.42,2566.11
2026-06-05 01:05:36,BLR-002,92.58,21.87,2670.83
2026-06-05 01:05:36,BLR-003,104.45,35.46,3136.59
2026-06-05 01:05:36,BLR-004,79.66,26.93,2818.69
2026-06-05 01:05:36,BLR-005,85.12,18.44,3066.09
2026-06-05 02:05:36,EXC-001,72.76,37.96,2819.73
2026-06-05 02:05:36,EXC-002,71.72,13.66,3176.45
2026-06-05 02:05:36,EXC-003,83.22,12.93,2678.13
2026-06-05 02:05:36,EXC-004,78.86,32.42,3103.12
2026-06-05 02:05:36,EXC-005,70.54,24.23,2748.6
2026-06-05 02:05:36,BLR-001,73.3,28.12,2733.57
2026-06-05 02:05:36,BLR-002,97.15,19.78,3145.97
2026-06-05 02:05:36,BLR-003,70.39,21.07,2969.78
2026-06-05 02:05:36,BLR-004,88.64,36.24,3148.91
2026-06-05 02:05:36,BLR-005,102.74,14.64,2804.18
2026-06-05 03:05:36,EXC-001,94.12,21.85,2923.76
2026-06-05 03:05:36,EXC-002,104.23,31.31,2614.68
2026-06-05 03:05:36,EXC-003,102.96,33.85,3010.59
2026-06-05 03:05:36,EXC-004,85.97,22.98,2703.99
2026-06-05 03:05:36,EXC-005,88.93,15.72,3028.7
2026-06-05 03:05:36,BLR-001,94.19,39.72,3186.34
2026-06-05 03:05:36,BLR-002,,29.64,3132.52
2026-06-05 03:05:36,BLR-003,95.44,16.51,2631.21
2026-06-05 03:05:36,BLR-004,72.25,10.55,3019.59
2026-06-05 03:05:36,BLR-005,72.96,31.6,2903.12
2026-06-05 04:05:36,EXC-001,72.35,19.73,3049.73
2026-06-05 04:05:36,EXC-002,94.75,25.73,3185.98
2026-06-05 04:05:36,EXC-003,95.19,41.99,2866.75
2026-06-05 04:05:36,EXC-004,99.28,19.54,2790.41
2026-06-05 04:05:36,EXC-005,97.16,32.78,2721.84
2026-06-05 04:05:36,BLR-001,95.23,39.37,2750.46
2026-06-05 04:05:36,BLR-002,103.69,38.74,3104.98
2026-06-05 04:05:36,BLR-003,74.4,39.83,2982.12
2026-06-05 04:05:36,BLR-004,83.1,25.26,2932.43
2026-06-05 04:05:36,BLR-005,86.12,23.57,2846.63
2026-06-05 05:05:36,EXC-001,91.28,25.36,2821.5
2026-06-05 05:05:36,EXC-002,97.45,33.28,2874.99
2026-06-05 05:05:36,EXC-003,104.92,22.28,3138.05
2026-06-05 05:05:36,EXC-004,100.94,30.24,2558.38
2026-06-05 05:05:36,EXC-005,97.95,24.28,3110.22
2026-06-05 05:05:36,BLR-001,72.7,13.36,2820.56
2026-06-05 05:05:36,BLR-002,91.96,20.31,2927.63
2026-06-05 05:05:36,BLR-003,81.18,44.04,2551.15
2026-06-05 05:05:36,BLR-004,87.08,23.45,2671.69
2026-06-05 05:05:36,BLR-005,101.61,16.26,2673.93
2026-06-05 06:05:36,EXC-001,81.99,32.58,2817.81
2026-06-05 06:05:36,EXC-002,72.76,10.89,3070.86
2026-06-05 06:05:36,EXC-003,92.0,22.25,3108.31
2026-06-05 06:05:36,EXC-004,86.77,33.97,2728.4
2026-06-05 06:05:36,EXC-005,86.0,23.69,2953.86
2026-06-05 06:05:36,BLR-001,72.81,44.68,2558.33
2026-06-05 06:05:36,BLR-002,,43.24,3077.13
2026-06-05 06:05:36,BLR-003,103.44,25.01,2930.42
2026-06-05 06:05:36,BLR-004,90.7,22.04,2800.74
2026-06-05 06:05:36,BLR-005,70.96,20.19,2980.6
2026-06-05 07:05:36,EXC-001,83.0,34.13,2814.47
2026-06-05 07:05:36,EXC-002,87.56,36.73,2889.8
2026-06-05 07:05:36,EXC-003,76.03,20.14,2593.07
2026-06-05 07:05:36,EXC-004,90.22,38.39,2618.67
2026-06-05 07:05:36,EXC-005,72.11,14.8,2995.4
2026-06-05 07:05:36,BLR-001,,33.61,2710.19
2026-06-05 07:05:36,BLR-002,84.36,15.15,4814.92223689365
2026-06-05 07:05:36,BLR-003,70.85,40.21,3057.58
2026-06-05 07:05:36,BLR-004,77.75,12.11,3128.03
2026-06-05 07:05:36,BLR-005,72.71,28.74,3134.52
2026-06-05 08:05:36,EXC-001,80.32,22.36,2872.44
2026-06-05 08:05:36,EXC-002,82.72,40.46,3160.94
2026-06-05 08:05:36,EXC-003,99.15,16.93,2598.08
2026-06-05 08:05:36,EXC-004,75.44,29.34,2778.07
2026-06-05 08:05:36,EXC-005,70.24,31.79,3138.82
2026-06-05 08:05:36,BLR-001,100.08,37.13,2728.21
2026-06-05 08:05:36,BLR-002,74.06,11.75,2679.87
2026-06-05 08:05:36,BLR-003,74.02,24.31,4657.755209822595
2026-06-05 08:05:36,BLR-004,70.42,16.17,2638.78
2026-06-05 08:05:36,BLR-005,96.15,36.31,2650.95
2026-06-05 09:05:36,EXC-001,,18.72,2878.85
2026-06-05 09:05:36,EXC-002,81.61,41.19,2809.27
2026-06-05 09:05:36,EXC-003,100.9,27.14,5391.86887970287
2026-06-05 09:05:36,EXC-004,82.03,23.51,2769.67
2026-06-05 09:05:36,EXC-005,76.28,34.52,2596.51
2026-06-05 09:05:36,BLR-001,83.66,31.76,2504.08
2026-06-05 09:05:36,BLR-002,104.29,17.26,3085.78
2026-06-05 09:05:36,BLR-003,87.07,14.19,2627.46
2026-06-05 09:05:36,BLR-004,72.58,15.96,2829.0
2026-06-05 09:05:36,BLR-005,88.53,28.01,3134.58
2026-06-05 10:05:36,EXC-001,86.27,13.67,3046.97
2026-06-05 10:05:36,EXC-002,99.47,43.49,3189.8
2026-06-05 10:05:36,EXC-003,93.04,26.74,3114.05
2026-06-05 10:05:36,EXC-004,70.22,39.67,2864.75
2026-06-05 10:05:36,EXC-005,82.03,19.05,3048.75
2026-06-05 10:05:36,BLR-001,101.95,31.28,3082.27
2026-06-05 10:05:36,BLR-002,75.27,19.09,2810.08
2026-06-05 10:05:36,BLR-003,71.13,31.9,2630.77
2026-06-05 10:05:36,BLR-004,76.55,18.09,2957.88
2026-06-05 10:05:36,BLR-005,78.93,17.87,2969.76
2026-06-05 11:05:36,EXC-001,70.02,35.29,2652.91
2026-06-05 11:05:36,EXC-002,86.4,26.57,3000.42
2026-06-05 11:05:36,EXC-003,99.28,21.1,2940.27
2026-06-05 11:05:36,EXC-004,81.96,34.63,3050.31
2026-06-05 11:05:36,EXC-005,95.93,28.61,2933.46
2026-06-05 11:05:36,BLR-001,,16.13,2565.5
2026-06-05 11:05:36,BLR-002,,38.34,3194.41
2026-06-05 11:05:36,BLR-003,92.88,10.56,3138.88
2026-06-05 11:05:36,BLR-004,94.73,14.29,2586.26
2026-06-05 11:05:36,BLR-005,75.71,23.41,3186.03
2026-06-05 12:05:36,EXC-001,97.21,10.88,2874.96
2026-06-05 12:05:36,EXC-002,77.26,42.4,3079.25
2026-06-05 12:05:36,EXC-003,,12.9,3056.4
2026-06-05 12:05:36,EXC-004,,38.81,2570.73
2026-06-05 12:05:36,EXC-005,70.73,43.89,3059.37
2026-06-05 12:05:36,BLR-001,82.02,41.5,2762.89
2026-06-05 12:05:36,BLR-002,97.52,43.69,2544.16
2026-06-05 12:05:36,BLR-003,79.7,27.4,2837.12
2026-06-05 12:05:36,BLR-004,102.63,16.22,2867.77
2026-06-05 12:05:36,BLR-005,82.71,32.41,3015.28
2026-06-05 13:05:36,EXC-001,93.74,17.5,2638.0
2026-06-05 13:05:36,EXC-002,102.07,29.38,3014.65
2026-06-05 13:05:36,EXC-003,80.89,44.72,2508.89
2026-06-05 13:05:36,EXC-004,90.17,44.89,2593.52
2026-06-05 13:05:36,EXC-005,95.21,10.03,3197.84
2026-06-05 13:05:36,BLR-001,86.02,29.8,3122.14
2026-06-05 13:05:36,BLR-002,79.71,10.21,3180.49
2026-06-05 13:05:36,BLR-003,71.8,15.64,2554.01
2026-06-05 13:05:36,BLR-004,93.92,34.01,2564.21
2026-06-05 13:05:36,BLR-005,100.66,38.27,3163.05
2026-06-05 14:05:36,EXC-001,,29.71,3058.29
2026-06-05 14:05:36,EXC-002,97.65,40.75,3174.71
2026-06-05 14:05:36,EXC-003,95.8,15.97,2763.38
2026-06-05 14:05:36,EXC-004,,17.81,2734.49
2026-06-05 14:05:36,EXC-005,91.45,32.9,2537.04
2026-06-05 14:05:36,BLR-001,74.77,14.25,2569.19
2026-06-05 14:05:36,BLR-002,75.93,39.42,2557.9
2026-06-05 14:05:36,BLR-003,77.87,17.3,2601.69
2026-06-05 14:05:36,BLR-004,,42.56,2538.33
2026-06-05 14:05:36,BLR-005,88.73,25.75,2580.15
2026-06-05 15:05:36,EXC-001,92.02,16.79,2954.23
2026-06-05 15:05:36,EXC-002,77.32,24.41,3042.07
2026-06-05 15:05:36,EXC-003,97.73,21.86,2966.7
2026-06-05 15:05:36,EXC-004,95.28,25.67,2614.47
2026-06-05 15:05:36,EXC-005,88.46,34.09,2988.54
2026-06-05 15:05:36,BLR-001,81.03,23.69,2958.23
2026-06-05 15:05:36,BLR-002,89.97,24.6,2528.89
2026-06-05 15:05:36,BLR-003,77.66,14.73,2811.49
2026-06-05 15:05:36,BLR-004,76.1,20.41,2813.35
2026-06-05 15:05:36,BLR-005,70.34,27.15,2544.55
2026-06-05 16:05:36,EXC-001,74.58,44.4,2979.58
2026-06-05 16:05:36,EXC-002,74.23,17.83,3107.98
2026-06-05 16:05:36,EXC-003,93.69,13.49,5041.68200407729
2026-06-05 16:05:36,EXC-004,86.82,42.29,2502.24
2026-06-05 16:05:36,EXC-005,70.21,39.36,3179.17
2026-06-05 16:05:36,BLR-001,99.83,18.99,2841.51
2026-06-05 16:05:36,BLR-002,86.64,43.86,3067.52
2026-06-05 16:05:36,BLR-003,92.87,24.51,2705.09
2026-06-05 16:05:36,BLR-004,78.39,19.24,2574.71
2026-06-05 16:05:36,BLR-005,97.7,10.17,2584.96
2026-06-05 17:05:36,EXC-001,95.16,12.46,2739.06
2026-06-05 17:05:36,EXC-002,75.76,10.03,2935.2
2026-06-05 17:05:36,EXC-003,99.03,42.61,3134.21
2026-06-05 17:05:36,EXC-004,80.29,27.09,4923.030227748961
2026-06-05 17:05:36,EXC-005,103.85,26.35,2940.22
2026-06-05 17:05:36,BLR-001,104.12,28.8,2813.36
2026-06-05 17:05:36,BLR-002,87.08,36.84,3056.38
2026-06-05 17:05:36,BLR-003,98.51,29.05,2637.59
2026-06-05 17:05:36,BLR-004,95.55,37.04,2506.72
2026-06-05 17:05:36,BLR-005,81.73,44.51,3096.78
2026-06-05 18:05:36,EXC-001,72.5,25.62,2545.57
2026-06-05 18:05:36,EXC-002,85.92,44.96,3148.57
2026-06-05 18:05:36,EXC-003,83.42,19.1,3038.46
2026-06-05 18:05:36,EXC-004,98.46,13.65,2878.03
2026-06-05 18:05:36,EXC-005,73.11,37.13,3014.41
2026-06-05 18:05:36,BLR-001,98.16,20.59,2942.26
2026-06-05 18:05:36,BLR-002,75.38,44.01,5411.120111634367
2026-06-05 18:05:36,BLR-003,97.59,28.78,3160.75
2026-06-05 18:05:36,BLR-004,76.25,31.99,2678.06
2026-06-05 18:05:36,BLR-005,76.9,18.09,2637.95
2026-06-05 19:05:36,EXC-001,73.36,31.87,2938.31
2026-06-05 19:05:36,EXC-002,87.41,15.8,2557.47
2026-06-05 19:05:36,EXC-003,71.92,29.84,2543.83
2026-06-05 19:05:36,EXC-004,70.87,42.85,2840.04
2026-06-05 19:05:36,EXC-005,96.77,40.44,3057.11
2026-06-05 19:05:36,BLR-001,76.69,17.88,2977.74
2026-06-05 19:05:36,BLR-002,79.26,14.96,2577.2
2026-06-05 19:05:36,BLR-003,97.78,21.73,3080.66
2026-06-05 19:05:36,BLR-004,,32.49,4605.902997841509
2026-06-05 19:05:36,BLR-005,102.89,18.93,2811.0
2026-06-05 20:05:36,EXC-001,77.8,44.97,2748.73
2026-06-05 20:05:36,EXC-002,93.69,41.08,2708.09
2026-06-05 20:05:36,EXC-003,101.13,16.95,2732.6
2026-06-05 20:05:36,EXC-004,76.41,25.27,3037.99
2026-06-05 20:05:36,EXC-005,76.88,11.73,2676.34
2026-06-05 20:05:36,BLR-001,92.15,26.03,3152.5
2026-06-05 20:05:36,BLR-002,,43.74,2690.74
2026-06-05 20:05:36,BLR-003,,29.63,2780.64
2026-06-05 20:05:36,BLR-004,96.58,38.81,2696.1
2026-06-05 20:05:36,BLR-005,93.85,38.79,2723.91
2026-06-05 21:05:36,EXC-001,82.17,42.2,2836.69
2026-06-05 21:05:36,EXC-002,,32.47,2793.34
2026-06-05 21:05:36,EXC-003,83.82,25.85,2673.13
2026-06-05 21:05:36,EXC-004,98.48,15.9,2525.23
2026-06-05 21:05:36,EXC-005,74.68,42.97,2916.72
2026-06-05 21:05:36,BLR-001,89.84,28.49,5191.633250708177
2026-06-05 21:05:36,BLR-002,84.12,13.05,3188.15
2026-06-05 21:05:36,BLR-003,103.13,10.23,2869.8
2026-06-05 21:05:36,BLR-004,87.14,29.56,2603.84
2026-06-05 21:05:36,BLR-005,91.1,26.93,2952.61
2026-06-05 22:05:36,EXC-001,83.66,21.71,2954.33
2026-06-05 22:05:36,EXC-002,71.94,17.59,2840.91
2026-06-05 22:05:36,EXC-003,73.96,11.38,2693.48
2026-06-05 22:05:36,EXC-004,104.32,26.79,3088.28
2026-06-05 22:05:36,EXC-005,87.21,24.24,2871.15
2026-06-05 22:05:36,BLR-001,72.4,39.4,2665.54
2026-06-05 22:05:36,BLR-002,93.6,42.29,2678.97
2026-06-05 22:05:36,BLR-003,,20.81,2915.82
2026-06-05 22:05:36,BLR-004,99.75,19.42,2890.49
2026-06-05 22:05:36,BLR-005,93.08,44.83,2900.58
2026-06-05 23:05:36,EXC-001,99.07,41.83,2737.97
2026-06-05 23:05:36,EXC-002,84.8,19.14,3152.1
2026-06-05 23:05:36,EXC-003,,28.01,2680.68
2026-06-05 23:05:36,EXC-004,98.19,37.95,2519.87
2026-06-05 23:05:36,EXC-005,101.95,42.56,3140.91
2026-06-05 23:05:36,BLR-001,93.97,30.02,2915.47
2026-06-05 23:05:36,BLR-002,71.18,27.7,2999.28
2026-06-05 23:05:36,BLR-003,90.68,13.5,3062.02
2026-06-05 23:05:36,BLR-004,78.57,12.01,3010.39
2026-06-05 23:05:36,BLR-005,91.43,16.87,2658.61
2026-06-06 00:05:36,EXC-001,70.31,21.71,3101.23
2026-06-06 00:05:36,EXC-002,70.54,32.63,3080.22
2026-06-06 00:05:36,EXC-003,71.32,27.06,2689.93
2026-06-06 00:05:36,EXC-004,90.79,43.21,3132.05
2026-06-06 00:05:36,EXC-005,91.64,34.75,3041.13
2026-06-06 00:05:36,BLR-001,98.5,15.81,2741.67
2026-06-06 00:05:36,BLR-002,93.02,28.45,2748.18
2026-06-06 00:05:36,BLR-003,76.46,18.82,2689.98
2026-06-06 00:05:36,BLR-004,72.15,31.84,2825.08
2026-06-06 00:05:36,BLR-005,80.6,15.18,2577.26
2026-06-06 01:05:36,EXC-001,79.02,32.95,2800.79
2026-06-06 01:05:36,EXC-002,77.45,11.53,2655.63
2026-06-06 01:05:36,EXC-003,85.88,34.74,2761.38
2026-06-06 01:05:36,EXC-004,97.92,40.4,2893.92
2026-06-06 01:05:36,EXC-005,70.6,37.69,2545.28
2026-06-06 01:05:36,BLR-001,89.81,34.68,2653.36
2026-06-06 01:05:36,BLR-002,103.54,35.53,3038.1
2026-06-06 01:05:36,BLR-003,97.11,15.41,2580.05
2026-06-06 01:05:36,BLR-004,103.42,13.11,2535.65
2026-06-06 01:05:36,BLR-005,86.88,38.32,2998.49
2026-06-06 02:05:36,EXC-001,104.92,15.16,2682.02
2026-06-06 02:05:36,EXC-002,102.24,38.74,2969.43
2026-06-06 02:05:36,EXC-003,83.99,41.26,2715.64
2026-06-06 02:05:36,EXC-004,89.5,24.48,2572.22
2026-06-06 02:05:36,EXC-005,99.33,26.65,2638.71
2026-06-06 02:05:36,BLR-001,83.97,32.11,2722.01
2026-06-06 02:05:36,BLR-002,75.94,43.02,2618.35
2026-06-06 02:05:36,BLR-003,88.32,36.67,2750.29
2026-06-06 02:05:36,BLR-004,100.11,17.57,2761.74
2026-06-06 02:05:36,BLR-005,104.94,27.62,2751.36
2026-06-06 03:05:36,EXC-001,93.1,26.86,2952.29
2026-06-06 03:05:36,EXC-002,92.06,18.02,3086.38
2026-06-06 03:05:36,EXC-003,97.64,23.71,4740.373343358637
2026-06-06 03:05:36,EXC-004,94.61,14.02,3073.18
2026-06-06 03:05:36,EXC-005,84.55,33.42,2787.05
2026-06-06 03:05:36,BLR-001,76.52,28.86,2799.22
2026-06-06 03:05:36,BLR-002,82.2,17.56,2981.31
2026-06-06 03:05:36,BLR-003,91.27,35.76,2560.08
2026-06-06 03:05:36,BLR-004,100.83,19.24,2642.43
2026-06-06 03:05:36,BLR-005,103.67,33.93,2846.58
2026-06-06 04:05:36,EXC-001,70.27,22.42,2606.98
2026-06-06 04:05:36,EXC-002,76.56,16.23,2867.86
2026-06-06 04:05:36,EXC-003,86.34,35.76,3170.09
2026-06-06 04:05:36,EXC-004,97.64,22.1,2903.64
2026-06-06 04:05:36,EXC-005,,36.93,2660.44
2026-06-06 04:05:36,BLR-001,82.91,44.86,3019.33
2026-06-06 04:05:36,BLR-002,95.73,27.7,2734.34
2026-06-06 04:05:36,BLR-003,96.14,20.0,2666.12
2026-06-06 04:05:36,BLR-004,86.15,40.24,2903.63
2026-06-06 04:05:36,BLR-005,80.77,42.71,3170.47
2026-06-06 05:05:36,EXC-001,71.36,41.99,2804.71
2026-06-06 05:05:36,EXC-002,79.48,41.17,2893.94
2026-06-06 05:05:36,EXC-003,82.43,11.99,2703.09
2026-06-06 05:05:36,EXC-004,91.78,31.82,3081.84
2026-06-06 05:05:36,EXC-005,96.57,34.72,3075.06
2026-06-06 05:05:36,BLR-001,72.7,29.77,2976.93
2026-06-06 05:05:36,BLR-002,80.47,35.3,2916.37
2026-06-06 05:05:36,BLR-003,72.75,44.02,2618.4
2026-06-06 05:05:36,BLR-004,85.27,38.84,2560.55
2026-06-06 05:05:36,BLR-005,82.11,40.14,2726.87
2026-06-06 06:05:36,EXC-001,75.7,34.59,2629.41
2026-06-06 06:05:36,EXC-002,,24.98,3128.36
2026-06-06 06:05:36,EXC-003,102.51,43.55,2940.55
2026-06-06 06:05:36,EXC-004,102.51,27.94,3174.5
2026-06-06 06:05:36,EXC-005,79.2,17.44,2745.79
2026-06-06 06:05:36,BLR-001,104.5,38.83,2639.53
2026-06-06 06:05:36,BLR-002,84.12,16.0,2500.44
2026-06-06 06:05:36,BLR-003,92.26,42.01,2879.98
2026-06-06 06:05:36,BLR-004,90.69,18.52,3106.19
2026-06-06 06:05:36,BLR-005,95.0,25.25,3058.56
2026-06-06 07:05:36,EXC-001,78.37,38.19,2693.03
2026-06-06 07:05:36,EXC-002,103.96,15.47,2647.89
2026-06-06 07:05:36,EXC-003,103.24,18.94,2970.23
2026-06-06 07:05:36,EXC-004,99.92,44.96,3103.37
2026-06-06 07:05:36,EXC-005,95.66,20.04,2633.75
2026-06-06 07:05:36,BLR-001,78.96,19.77,2588.16
2026-06-06 07:05:36,BLR-002,100.83,11.39,3195.64
2026-06-06 07:05:36,BLR-003,71.49,43.07,2718.46
2026-06-06 07:05:36,BLR-004,94.88,11.57,2985.25
2026-06-06 07:05:36,BLR-005,89.77,32.52,2774.1
2026-06-06 08:05:36,EXC-001,84.62,30.28,2543.57
2026-06-06 08:05:36,EXC-002,93.8,41.01,2542.33
2026-06-06 08:05:36,EXC-003,91.49,10.55,3173.12
2026-06-06 08:05:36,EXC-004,78.45,19.35,2529.83
2026-06-06 08:05:36,EXC-005,72.95,41.64,2537.38
2026-06-06 08:05:36,BLR-001,93.49,34.86,2528.91
2026-06-06 08:05:36,BLR-002,89.76,26.18,3139.66
2026-06-06 08:05:36,BLR-003,75.56,19.92,2548.17
2026-06-06 08:05:36,BLR-004,93.51,16.59,2598.78
2026-06-06 08:05:36,BLR-005,90.32,28.16,2751.09
2026-06-06 09:05:36,EXC-001,85.27,11.96,3044.53
2026-06-06 09:05:36,EXC-002,94.09,39.81,2901.24
2026-06-06 09:05:36,EXC-003,94.16,24.62,2761.4
2026-06-06 09:05:36,EXC-004,85.68,14.77,2960.81
2026-06-06 09:05:36,EXC-005,99.46,12.86,3017.8
2026-06-06 09:05:36,BLR-001,82.77,23.17,4773.091000158023
2026-06-06 09:05:36,BLR-002,102.37,41.01,2811.22
2026-06-06 09:05:36,BLR-003,70.33,44.58,2681.52
2026-06-06 09:05:36,BLR-004,75.1,36.58,3014.98
2026-06-06 09:05:36,BLR-005,93.22,42.93,3165.24
2026-06-06 10:05:36,EXC-001,87.89,11.02,3169.46
2026-06-06 10:05:36,EXC-002,77.76,30.33,5070.903539055924
2026-06-06 10:05:36,EXC-003,,27.25,3050.83
2026-06-06 10:05:36,EXC-004,100.06,12.7,3199.4
2026-06-06 10:05:36,EXC-005,95.48,31.44,2972.23
2026-06-06 10:05:36,BLR-001,92.59,43.51,2519.79
2026-06-06 10:05:36,BLR-002,78.69,12.43,2912.91
2026-06-06 10:05:36,BLR-003,92.01,24.36,2863.99
2026-06-06 10:05:36,BLR-004,104.69,23.93,2524.8
2026-06-06 10:05:36,BLR-005,100.84,43.76,2710.55
2026-06-06 11:05:36,EXC-001,71.88,21.48,2874.24
2026-06-06 11:05:36,EXC-002,95.6,28.87,5406.459991632184
2026-06-06 11:05:36,EXC-003,94.49,13.33,2521.57
2026-06-06 11:05:36,EXC-004,85.28,10.24,2511.33
2026-06-06 11:05:36,EXC-005,72.54,28.49,2905.54
2026-06-06 11:05:36,BLR-001,92.57,32.13,3196.82
2026-06-06 11:05:36,BLR-002,90.04,35.15,2635.24
2026-06-06 11:05:36,BLR-003,85.19,29.31,2596.06
2026-06-06 11:05:36,BLR-004,93.14,20.0,2642.84
2026-06-06 11:05:36,BLR-005,104.71,27.14,2876.9
2026-06-06 12:05:36,EXC-001,87.31,12.93,3160.56
2026-06-06 12:05:36,EXC-002,100.13,19.57,2816.86
2026-06-06 12:05:36,EXC-003,99.77,23.02,3036.33
2026-06-06 12:05:36,EXC-004,94.29,43.04,2681.46
2026-06-06 12:05:36,EXC-005,93.41,33.28,2781.04
2026-06-06 12:05:36,BLR-001,73.04,22.7,2850.31
2026-06-06 12:05:36,BLR-002,104.96,15.3,2638.37
2026-06-06 12:05:36,BLR-003,,32.23,2695.28
2026-06-06 12:05:36,BLR-004,103.98,15.66,2870.62
2026-06-06 12:05:36,BLR-005,89.96,29.91,3132.1
2026-06-06 13:05:36,EXC-001,99.74,28.91,3127.87
2026-06-06 13:05:36,EXC-002,100.37,17.95,2762.56
2026-06-06 13:05:36,EXC-003,75.58,29.43,2883.71
2026-06-06 13:05:36,EXC-004,,30.18,2689.77
2026-06-06 13:05:36,EXC-005,75.82,15.85,2666.55
2026-06-06 13:05:36,BLR-001,86.51,32.95,3032.38
2026-06-06 13:05:36,BLR-002,102.6,18.68,2667.04
2026-06-06 13:05:36,BLR-003,96.55,36.9,2653.84
2026-06-06 13:05:36,BLR-004,79.2,21.57,2887.49
2026-06-06 13:05:36,BLR-005,74.9,12.02,2976.62
2026-06-06 14:05:36,EXC-001,86.13,27.22,3196.52
2026-06-06 14:05:36,EXC-002,,33.92,2893.89
2026-06-06 14:05:36,EXC-003,80.4,25.0,2960.35
2026-06-06 14:05:36,EXC-004,73.89,25.93,2590.44
2026-06-06 14:05:36,EXC-005,75.31,31.16,2776.69
2026-06-06 14:05:36,BLR-001,74.71,13.08,2724.93
2026-06-06 14:05:36,BLR-002,98.33,25.01,3160.54
2026-06-06 14:05:36,BLR-003,90.79,13.33,2707.04
2026-06-06 14:05:36,BLR-004,98.01,28.39,3054.95
2026-06-06 14:05:36,BLR-005,82.08,42.28,2806.36
2026-06-06 15:05:36,EXC-001,100.47,11.76,2605.59
2026-06-06 15:05:36,EXC-002,80.96,37.64,2814.08
2026-06-06 15:05:36,EXC-003,81.74,30.41,2767.0
2026-06-06 15:05:36,EXC-004,76.61,28.19,2611.96
2026-06-06 15:05:36,EXC-005,91.45,18.13,2518.44
2026-06-06 15:05:36,BLR-001,103.51,43.5,2644.54
2026-06-06 15:05:36,BLR-002,74.53,23.36,2881.25
2026-06-06 15:05:36,BLR-003,70.92,29.69,2739.59
2026-06-06 15:05:36,BLR-004,78.79,40.39,2689.37
2026-06-06 15:05:36,BLR-005,100.46,26.01,2559.99
